,0,1
0,5.254783272074241,-10.392804842739979
1,10.12282903567085,-20.502222593243026
2,4.6304078237601285,-16.180930107638737
3,0.5088819156149476,-12.492807344971038
4,-1.6227301675397823,-23.038627930575426
5,-12.211988650665065,-13.008374047908093
6,-3.040046410816208,-22.459741893674572
7,-4.676495397302395,-18.936166921415513
8,-11.179247184693228,-9.291515743314319
9,-14.189297620234349,-3.9974234639299207
10,-11.954621540102954,6.012157023630442
11,-4.274467723892493,5.660722837513408
12,1.9725462467927617,12.9656111802649
13,-2.4189439522247307,14.558083656988424
14,6.738158507733409,24.763457729122088
15,16.598084276681607,32.027784758587195
16,21.6800921920221,22.056713479886827
17,12.312804544724615,24.403927498625013
18,10.507409149680862,23.091744074545318
19,14.256826134667074,17.89346752826274
20,8.56216457504206,10.991489179997378
21,11.210554367605992,21.137766384906005
22,15.509614182765109,26.69669371266673
23,22.171169001751167,34.218129089164876
24,14.364071768469032,31.437416321201113
25,13.644270974992612,22.19945160574019
26,15.167073218887365,14.93859369987348
27,5.168227121905108,9.831695820541519
28,1.5373722354246038,10.423249843394208
29,-1.1834924852626358,8.738135254417168
30,9.10078212999151,15.749007661649571
31,11.895992943311347,15.380332978149134
32,7.719297534338744,24.069983527890695
33,17.64480264015816,34.34972992427844
34,17.249418386738647,26.231254752669464
35,24.33408267799862,20.944307724676168
36,16.86769176516984,26.838184254022174
37,6.484913674261824,31.542284467491505
38,-2.4134905681019863,40.37193082922204
39,5.4459523628113615,44.806897537360804
40,1.4118480439434076,41.68276211903621
41,10.107105237078002,42.43290063467044
42,3.1929456238467946,46.92180891730191
43,1.2193024652770919,55.64906703880155
44,-1.4699509014721865,65.49437925798968
45,-10.124051212134038,59.505438499576705
46,-10.430141957080785,68.75834785061227
47,-17.24995813341969,65.37347629029755
48,-15.261076643862513,74.24945752368731
49,-5.383170244667058,82.78849546770988
50,-3.4993531472682444,77.36867972864998
51,6.568919396448669,69.69666079596512
52,14.301200410157012,77.88978141700608
53,14.991165437260005,82.8632677399725
54,8.203621542868214,92.53584064626045
55,5.265212411137437,98.533979537041
56,-1.1413874464012368,108.52343729490298
57,6.568636478311678,98.79107843324572
58,8.90631592959872,90.71152607082311
59,-0.19340489352236823,84.47260622377692
60,9.556974186742183,79.74597380485014
61,7.908165489775532,86.20487600842353
62,17.341242229140484,79.68228248906235
63,14.637589919847276,88.46834399385453
64,6.163018270345589,91.44670293244917
65,13.631762547027552,88.750829893382
66,3.384134241431884,94.57047053450817
67,-0.6113130347738003,84.46653827324413
68,-3.6883120615939875,79.40890470093491
69,-6.552607593255237,81.24246379900987
70,-4.6993796184483925,90.05659280138724
71,-2.6340291895622254,98.53469770711345
72,-7.837372386162435,96.59274715136209
73,-9.215862876605847,87.48210190297263
74,-5.4023860668142065,89.65949455146297
75,0.6394381974027565,86.54981365553111
76,4.622813849216957,76.81286117733364
77,12.607820731182022,84.35742412495526
78,11.554650612315763,80.57932646303873
79,18.5442192884706,86.42218591655154
80,8.37524781372257,83.13702935555713
81,14.027748958384038,76.29532484807027
82,19.864990645539766,82.62118379641396
83,10.035448006144371,76.68858335421429
84,20.212324884851096,72.65572172015915
85,21.826601716175443,69.75040634451952
86,16.265496517348467,63.11177828576855
87,6.855514600198715,61.71780807072187
88,4.541360605008626,63.640912821744074
89,11.193718352409668,62.71668069376507
90,21.470749501320704,65.50718652466823
91,24.085196195883164,72.22378059656252
92,32.01318250032793,81.92867904674537
93,31.546788420840993,80.06657023892465
94,28.224343843289994,88.26149669205631
95,33.98373642224385,93.80736381656054
96,27.53783967861578,104.25973587341865
97,29.548736245814236,114.78466001771272
98,19.13931220659379,123.26230287778407
99,16.564027459571758,119.81664074743423
100,10.930714465899264,113.23891304593784
101,3.588804887929358,109.70098890784084
102,3.93126338647852,116.520225442173
103,0.03521026272764782,123.56659678087178
104,2.8696798194810165,122.75567089253558
105,12.586830908500453,116.68563053597232
106,8.662511892240827,107.90387921218496
107,4.24931854688743,116.07422424459976
108,12.50890716729053,110.09226791720398
109,17.385918533506192,117.72130550058438
110,13.402713117890746,112.43445507363046
111,9.251663078546507,113.84856071482827
112,17.1291887480146,103.37888203123987
113,25.557731693770307,108.02358940884173
114,34.10718853247597,115.08764624700596
115,43.886857752842836,108.48316229033331
116,50.560630682216754,116.99480191974432
117,57.274477554290726,111.20388974257921
118,53.66122085274597,110.4382661245323
119,50.77160148858974,107.99967811288887
120,46.61193029495058,109.36751340633207
121,49.193424194090824,112.29985130866
122,52.78061482311352,114.48197134702036
123,56.78941222796902,115.85577009652253
124,51.56188364769811,126.39043641519908
125,59.38838646550953,131.6998675829679
126,55.10925402246461,138.657524778421
127,61.03426628713327,145.97698220039803
128,56.3040793097658,147.5405254818101
129,50.158522223427354,152.27664687386178
130,45.55466626754317,157.14823494880972
131,51.90549981610995,153.6249515249223
132,59.77681338284731,163.37189444872047
133,65.50354547604138,169.52103320774904
134,71.05728199732141,172.5414026329895
135,72.83408695377855,175.17362985591447
136,63.66092063135909,180.93958628920635
137,56.10400862282694,174.3841421186236
138,57.67374652014621,175.1856212421182
139,63.89693164312075,165.21884495000864
140,65.14346475638862,169.5488197218106
141,58.235601193645124,173.5946346867549
142,62.30722463675828,183.7170680936346
143,57.61106856988277,190.47170835162126
144,66.98753003749157,188.89561684624388
145,60.3546322516336,189.49701887876412
146,69.22678366505495,196.6952198693048
147,76.77297456964978,192.0539736652598
148,86.86481616132514,185.52306055802632
149,82.74601515974742,181.44371268924093
150,90.37227506861417,187.59292392845563
151,97.82876356483956,180.89459307346195
152,91.47197531078716,177.91878716757722
153,92.52859628317917,180.9961121651059
154,98.93631977610193,178.36432311620902
155,106.43048349226677,183.06063986598028
156,105.38326131197894,185.17270497068193
157,96.00613781505004,177.43424132232096
158,86.86079527538824,171.86390467689998
159,81.39826102122144,165.18411440338642
160,72.70983994107672,171.71534743523847
161,77.63490735924918,169.48016289773977
162,76.78458493821047,172.1153271456942
163,82.3983095316542,173.62076436271488
164,77.00289332144092,177.59564181909352
165,67.59089337088542,174.19313499828115
166,64.11705005744525,175.1834394717075
167,64.96740823111101,167.98348104088876
168,58.60860013427265,169.22218080724534
169,52.26448450137349,168.5643447858771
170,43.73098627275186,165.48662537172427
171,35.79705817829356,157.3706554711827
172,44.841605806482576,154.14119097616535
173,37.54735324463907,164.68608807170978
174,30.795921385885542,160.58012556498142
175,37.7248456679047,164.56978447144172
176,29.313028471186705,156.0062361144351
177,23.197325680386054,150.12974571488786
178,28.539273299471418,158.50504511209422
179,18.987358568936315,152.26471423126048
180,17.838469409969402,143.6160051743314
181,16.295683273636683,144.51577880263167
182,23.904344653559455,153.37924843472902
183,26.85792928277234,146.96098027189063
184,32.325538377233855,150.79353022245743
185,29.851629916300418,142.9545651697314
186,33.33340049482707,144.12210260434784
187,29.768158690745235,135.05035570104369
188,24.858679094884977,128.60853243776947
189,26.344338933215074,126.65759592588182
190,31.3280745806516,120.3064524207587
191,41.14126791923644,117.32200836274693
192,49.0521808097195,107.62150426328093
193,57.76437415685246,97.76525793712436
194,55.81382098494957,95.82922656056682
195,61.13726316285989,87.2352644118302
196,58.30509617373369,82.80365151581226
197,64.6783986354164,90.2557372247022
198,65.86296387323429,100.31772854129767
199,70.80333622020508,101.30180686252842
200,72.11470827181023,96.19385793109637
201,73.47413673455476,101.58272755223383
202,80.55202028902823,96.6377939226392
203,79.09506445585221,100.97184561551609
204,84.2364073287508,107.1044941702695
205,84.9236456029436,106.30081363187058
206,82.19825217092456,96.75852619748379
207,79.77349463444995,90.1683683789431
208,77.15042065212512,92.6463582998239
209,73.6586776473034,100.9848092847625
210,80.11193611949427,102.72477286043365
211,70.8907711899546,110.36036020921053
212,64.45996485777708,109.72922572959565
213,71.31924838118573,113.22497511632525
214,62.97542460323893,115.31513552534777
215,60.89515046910818,118.78585407522081
216,69.38347795122066,120.73172498975919
217,61.14657318240729,116.6182620585297
218,53.82817724497205,126.89110234201806
219,49.243075895349975,129.86933485166833
220,46.236847461914614,125.42349906086343
221,47.92130810970466,126.77153550223986
222,37.90250436064811,123.81954138067567
223,30.413268775849254,133.08305726709716
224,23.226498062024024,129.7372477451797
225,22.73312279388239,131.11977438461616
226,23.3197850317457,125.13655655467427
227,30.44343408027516,117.74141150744256
228,33.93321619506025,107.22269549815096
229,33.33624947319823,105.08130855826137
230,27.3170864722878,105.61953319644998
231,23.168827937603705,115.78249083181251
232,13.63908702711493,106.76532217604328
233,5.315811449521302,104.52117791433864
234,-1.6763431982494055,109.26531141133394
235,-7.264993257857283,108.36705425474953
236,-4.080710857636734,117.10460287645208
237,-1.3072945119929171,119.3788487926294
238,-2.0297504312406356,122.62216997575598
239,-11.428066263294667,120.4247035238196
240,-9.87471461241167,126.10055190333816
241,-12.450380499245167,131.2592410626989
242,-20.07065473494525,135.15900999217186
243,-25.804374179840764,144.81341469412374
244,-17.3800575035905,149.45501634354113
245,-12.18545529619633,148.49123388593256
246,-11.144209719933183,157.8036858242758
247,-1.4156461498161637,149.74621050268397
248,-8.565212826974669,141.5034027258988
249,-6.299341856106976,143.48409381449045
250,-16.02545635107254,152.3127155485954
251,-12.89813941227131,146.6751891180509
252,-9.623566612073386,156.77657425079198
253,-2.265442744366787,166.70977023073698
254,1.867975858059796,160.62445519063883
255,-1.871424439186443,156.7563706773095
256,-12.094305899807495,159.41034506844338
257,-18.77629171801852,168.0765780088759
258,-8.03509500003518,163.08738150401186
259,0.9592391896783878,159.43884933269348
260,-5.830716070656616,163.5708219164788
261,-4.581961012437542,172.04886398187787
262,-14.18317112611323,173.28633508499664
263,-5.670974708410066,165.58799828955728
264,-11.702789111216845,170.56029167759186
265,-5.331821512392594,178.34858149726102
266,4.698382132121855,186.94449999620872
267,15.289121697238297,177.4247952069221
268,6.235291313448526,187.13219942378385
269,8.14976570538451,190.79940798476935
270,5.089487555175378,193.47425887491306
271,2.239963105771694,192.12235404252397
272,5.372973829108636,191.5155634169689
273,13.00082718548839,182.3041683204958
274,12.319157711706568,178.231835469915
275,2.7886998006990957,185.26146557413696
276,8.972629431280101,181.69442312181175
277,7.628383640932396,174.75330357617895
278,4.271076423569051,183.28805033309905
279,10.11273117169685,180.13134054035672
280,17.27661073624357,175.13138427417076
281,23.983099528019444,180.46924589325158
282,14.36222211673313,187.75731342264547
283,14.825548236461279,177.88299810869592
284,21.21126648335043,187.22939829169692
285,26.3965591623483,190.147921669254
286,29.57946927496087,191.44058772368007
287,32.44953896998534,192.58390102695225
288,31.998070781750314,195.13187137165028
289,23.99569545069513,193.17999825616832
290,25.647685707605614,189.8049982277278
291,33.326647416923905,188.65421959215269
292,26.665623081473676,194.08296283895862
293,22.69568347561185,196.4710507032484
294,23.835626794811315,193.9475994007422
295,21.790670212721675,197.30080009144697
296,29.804096555043042,190.36151943556015
297,38.636023393036496,180.51386199134126
298,32.642093346853365,182.4098302573472
299,42.10394650834211,181.5485216295903
300,35.20506878974909,174.4438626280105
301,35.927081373222904,171.46108843107226
302,37.861127698303164,176.63673526815518
303,31.551042079322603,184.762838449003
304,23.56376822393539,174.9672791272036
305,15.680620672845112,172.8763505138745
306,7.300858314149865,176.49531400056776
307,-2.986653801759487,177.87504954219037
308,4.399456617894359,173.209696230828
309,1.7059683381024986,179.92111821281492
310,-4.19202365265713,172.7910238734014
311,-11.533217532110925,176.14832362394193
312,-14.464654598855759,182.4828352196466
313,-6.85187821146844,178.93005548674785
314,-2.877331675503547,182.45144528461736
315,3.459978796471048,187.6634334823215
316,10.026825686318588,197.97970360571983
317,20.08116873362892,189.74103418480988
318,20.50726246792947,197.0030352266215
319,29.681591579038503,188.94997851212182
320,33.59493928435412,185.423664732746
321,40.889729162518805,186.72707028979605
322,37.9331196892901,187.5928134751128
323,40.47331725325984,178.19485812786985
324,48.6965579016287,167.7042481017042
325,58.075209555728144,167.43453503140643
326,50.72224204181681,172.52710572299753
327,49.30795796753683,175.34638938860485
328,45.24906826526577,171.00574046024119
329,50.10826672311242,169.35608634857277
330,54.17482982640969,162.02895634695363
331,59.02167535753017,154.5452145414448
332,57.682372064253705,161.39263109383248
333,47.771099521037556,157.52669251986853
334,45.01236593189722,164.06925257539606
335,36.13999434323609,165.49725428788884
336,44.9827053798597,174.32507223942142
337,49.28557538089123,180.45279298318096
338,40.215907166445305,182.72959496784756
339,49.764444472650624,189.53153573359407
340,44.76560393007752,185.7561647194299
341,40.76016277865573,184.62065478463435
342,38.482460955970105,191.58290856885282
343,34.78840958580034,198.04205495095238
344,42.479254247177366,192.8932159720492
345,45.7790730438614,194.96427190529707
346,45.12770109681019,185.3321656912141
347,35.69861785598102,192.57084312715503
348,26.80084459964133,199.9852572372286
349,35.81553838727268,189.49014929198358
350,42.88729591945234,186.69213904409534
351,41.67062923234137,195.8379880053814
352,37.96896207946912,192.9742794231177
353,44.315395781652086,183.40002595054492
354,45.98918354105755,190.45143310665057
355,50.94514777092763,200.11625249352232
356,51.68527088052386,190.95895508911326
357,59.253122359766714,181.52959386587682
358,58.088023904510315,176.30156246361955
359,66.56665817304969,184.9884765433012
360,76.17365154335526,194.23649030275402
361,78.42241444833846,192.772236334524
362,85.73251163123903,191.5923243690742
363,82.81022743583165,193.43043270187417
364,73.41018651332914,194.33491812557028
365,71.84333288984824,202.12749796493972
366,65.99890741435256,199.38902013396984
367,73.81274846139922,189.1578216465116
368,78.48845912008382,185.45288410150806
369,83.18962751683839,187.1945984515411
370,92.9129611840585,189.92678554732734
371,99.88671672754379,193.69547038204297
372,91.7419148654225,195.4061057979542
373,101.11938528714147,193.79260351853614
374,106.41674197927573,202.79684416838467
375,109.3590841176141,197.11013117570099
376,108.45702299880003,194.61288679725217
377,112.33082830858775,186.9313226994145
378,107.84556751303381,191.69332233412004
379,115.70933815049916,189.5678965438411
380,120.70516870790067,187.84584618382985
381,110.1188943347949,177.52035530387278
382,101.85467508986916,184.01501490996299
383,102.85825404016144,185.5454952229498
384,97.11105329357414,183.57503771029084
385,105.66517286564402,180.78322681954072
386,98.44666504211223,172.64138863477513
387,91.50714553455528,172.04986595692898
388,89.44500779970583,170.0440473828446
389,80.97499433372266,179.166573593635
390,79.15664841775902,171.56140949490097
391,87.05710776032544,167.038935742783
392,96.45634627816631,172.9636974322464
393,89.5893170655005,182.48127568877354
394,86.81743018350555,175.8848062094687
395,89.74806524006141,184.47674890406404
396,83.28139156027488,178.78947025440976
397,87.7905064470134,177.80275847319137
398,89.38476693452742,169.28773248353008
399,93.87570447514476,166.3380853053544
400,102.4682027197052,176.5977110964655
401,104.81286063877484,177.86686254727377
402,96.13187844980054,168.1138256335292
403,89.66510701441467,172.65984038682268
404,97.04892697011103,178.9017568559058
405,98.35816771884164,179.9561112738778
406,107.52193645290436,173.23887875833591
407,98.16085202737429,182.56600557508114
408,93.33707666235983,186.21155095634924
409,101.15968207521854,191.49197984630754
410,102.79793733932834,190.06098949279004
411,106.0604996350676,181.0830496124116
412,110.12109714033343,171.5505139440033
413,105.00208290713836,163.28259700213826
414,99.02697521959145,165.3243831113505
415,97.06772752145706,171.12795735650312
416,103.53413452713679,171.29211077544002
417,111.35127328642999,177.15520364978363
418,118.13874352424527,186.0773299420024
419,109.11029717166811,181.8175388171065
420,101.95865099964827,191.17036078656608
421,93.44820468796186,187.40718991431544
422,89.66021426751468,189.5760289016121
423,87.03576635906347,190.27285935892223
424,81.3926692926364,180.37577138056207
425,74.83530427779212,185.89804604137288
426,65.8557581224273,192.15399383277543
427,67.46989244533697,202.14507009394003
428,70.43204739731968,203.1412429862706
429,73.54807991245032,208.9761619001102
430,83.9488220841069,212.87911892447892
431,75.76060370759132,208.44635572524166
432,81.5064026479418,204.04736966497006
433,71.93588465959645,198.08479161385605
434,75.86742615027424,201.06082802182254
435,85.70467136389746,201.91899896881446
436,90.63461237784527,195.53860099197718
437,100.66287883429403,189.38465581700694
438,98.37761081504974,197.03667653205034
439,91.12318462307367,190.0749480626516
440,98.35867608172148,183.85514307400186
441,95.818713445615,185.05297225975823
442,103.79316761158718,193.74552316444442
443,112.46539853410715,191.12130299525703
444,111.92987852132482,189.8104895222331
445,117.98720780590561,182.59096922113898
446,118.81714298018169,185.14606819649774
447,124.19380626830508,189.336191621151
448,127.02243655503419,190.97527423769571
449,123.3673871411409,181.45896259348677
450,132.66083919604625,187.9267032503103
451,129.2052326345221,177.53582332110645
452,139.48613305958395,180.61878869819748
453,144.09802202353885,185.55902245991936
454,150.4094431329315,175.6343493207405
455,161.37149157849876,166.8079449591658
456,171.828108966853,163.51472443103813
457,176.6752733379624,155.78361763539277
458,175.95404012207592,160.00403324605648
459,171.80240882430965,149.99706574854926
460,181.48438962854743,148.5817798215215
461,172.63315878401005,146.24876310804376
462,171.6890192691454,151.9299031779323
463,166.83895624055071,148.594789092201
464,159.7566801777555,151.8057891565488
465,169.29952429158612,157.49887283441927
466,169.09143538675858,154.0573224151982
467,174.3486979344213,151.03371490969863
468,167.06276964101886,154.91493392234477
469,174.6997475911112,158.6865355051726
470,180.0107546717298,151.26044464230446
471,189.630941209996,152.64396524138556
472,197.17994642637632,148.9147524786317
473,199.54936466381005,142.02640900716796
474,202.367013730654,135.38699044453557
475,196.20190494667057,138.1263681259703
476,201.79616893230732,140.6236794034894
477,211.96011674626732,130.69284187445942
478,221.11097631728606,121.78581667373292
479,229.2462042360765,124.99941440046469
480,236.99306048900505,115.31974353842735
481,235.26105552819175,110.16562846259936
482,241.79569374680867,119.17533032886674
483,245.73848347939654,110.2480752705189
484,241.1810904261965,107.85179911619029
485,246.1778480622483,97.64440413369795
486,247.04358243469062,95.31004285061731
487,249.41303331389648,101.76742712422015
488,259.6017524195658,100.959140128155
489,249.51970125385324,95.50359786496469
490,238.89861585259325,102.44498879667363
491,243.53777320245746,94.98366116695156
492,249.37316217038784,92.49968782280926
493,256.1509780186302,97.50756497219434
494,251.49348921334635,87.73011456728958
495,245.45581313887988,88.9170990769386
496,254.2750245483568,98.93059375220116
497,248.77109258011888,96.35960026143367
498,251.36494079379318,93.67276936813631
499,248.19103914802403,90.76038724290592
500,247.57867669954408,99.85930026378452
501,240.61650677046535,89.60598002103842
502,247.00663677424907,95.63505821953648
503,238.86894406326277,97.97303545299928
504,231.1499316119563,97.53395544180826
505,239.56393376146286,101.71661238374331
506,240.9152466422131,106.31106411474147
507,242.74991533881428,97.30886637692541
508,245.8010574882286,100.54674005159258
509,237.01066264507193,102.50321567069476
510,232.10317853657438,112.69939975409915
511,225.47339021232614,112.37573397865062
512,214.89267802121313,109.48588573561582
513,210.82913266581883,104.79802930473505
514,211.79350364669688,108.78321482371193
515,204.35567913743682,114.05636026942535
516,211.12426936607008,115.63233701958114
517,214.61304565544188,116.09705066157623
518,224.19925837144376,110.61608593579781
519,232.70682976617883,103.9055122036967
520,237.9941255458387,98.84218834182461
521,248.42559567555222,103.04827470589753
522,245.23284639503245,101.68379403277096
523,238.79346747994407,103.49482881810924
524,229.0867388594201,102.41775829518897
525,229.53527203058198,110.93985696502953
526,221.83906040929,100.59968130509071
527,212.34203652661583,99.1068544277053
528,214.6242221349369,90.29950718415476
529,210.8383537563878,92.31712089570941
530,220.34659285644074,83.48168806240577
531,227.6930673703654,89.74173324122725
532,226.0517830454258,97.1819971139427
533,229.8100215823482,103.33238884993888
534,234.6695751868242,106.50231259274818
535,226.50991756512934,102.28093889413864
536,218.55051527667044,100.58152964381244
537,213.28889128192154,91.16104544609331
538,211.76530267618887,87.12591230028838
539,201.45819573153832,84.46998213076266
540,199.37040801591752,83.58477309709487
541,192.1568731563247,81.94036983601367
542,201.15698736869354,85.9814856606242
543,192.85322033940125,80.31047149196927
544,195.81386771582277,74.43430062233601
545,185.31697666792937,71.57283337637121
546,178.23719186567135,65.16802513724986
547,184.2161428762718,68.40266028416657
548,193.84352644749612,62.77429252560312
549,186.28397415668087,61.55636006083838
550,187.66744177157852,53.26151678417046
551,192.45823594430576,61.27474470318805
552,202.4480824966148,55.86608566956084
553,200.3358641307543,62.410646690389456
554,199.66870322311814,52.46878266906472
555,195.17734773739363,56.99246420716651
556,202.38770362303242,52.765693352359435
557,199.96730680314715,44.79957484095487
558,207.5670793327601,47.48230261338363
559,201.9692345696857,41.41312033143347
560,200.75416350055812,46.935546024023786
561,206.99006849465448,49.4421387988095
562,204.45523130496005,52.58090110434894
563,196.57023514673637,45.5791971856493
564,193.4028868253402,40.42750584375323
565,195.70668637788947,39.73255424366629
566,194.5494425687782,33.215912391536904
567,188.67410035997034,24.795888352775506
568,189.64196893565742,18.53171041102499
569,188.39936140837455,22.106940340853193
570,186.8185392649902,17.761406314750754
571,183.24675799990155,22.935890760493315
572,190.94002833473212,21.62281886003791
573,180.9611558168723,31.154692919796624
574,187.5425202794554,21.328777540883465
575,195.1310561510932,18.800965714511925
576,193.8190184665618,8.84693246814732
577,184.62010317623736,3.4519638638229404
578,176.77012783658728,-1.7104857097834132
579,178.8593698428067,-5.8718539428336
580,168.84778302111758,-14.169221940808047
581,160.947700141217,-5.877806083027805
582,164.91039410931708,-10.429720068261584
583,154.92366463519562,-19.58515409796021
584,153.44648789364817,-14.558454850255458
585,143.3512434131686,-11.06222679945185
586,147.25017613112746,-5.4045190394427225
587,150.74219975733868,-4.748500366172939
588,157.7210447020491,-14.212896125408026
589,149.29575570321802,-11.306396268810275
590,145.4693914803822,-15.627125887636172
591,153.19627329309978,-24.943037175473016
592,158.13439320337855,-34.925475690790584
593,153.22198834678338,-44.34017925731103
594,148.5299219220584,-50.961444186662916
595,146.34758142843015,-50.359291685413496
596,152.78575474181528,-53.69324400366149
597,144.20328503535245,-58.74255003674744
598,139.2426935599724,-55.69470825494925
599,146.20220417892074,-47.09513862219109
600,144.6245326141669,-48.45728855240381
601,152.26377985950685,-38.776627980261416
602,158.0284766917297,-33.18492030875876
603,161.4013307656427,-37.16874471154699
604,152.9036888725384,-33.775388579997696
605,143.33450053758807,-37.74805279088861
606,145.7286705581708,-43.4920788570056
607,152.63761071669057,-53.07334275925512
608,143.4572308833458,-59.035586746485166
609,140.3124500539685,-53.787944345657394
610,140.58088784361274,-45.963427812896384
611,143.6859934641672,-47.87709587094792
612,139.95453231638223,-52.139609814277605
613,137.16215577173412,-48.85775831870347
614,141.51396550390515,-39.827304497666056
615,144.33441147132328,-48.34566970791444
616,134.24934007206295,-45.61216706305749
617,128.05801825049426,-48.34521962745865
618,138.6836895989177,-56.18201543865563
619,133.65108809757308,-46.3446285288292
620,139.570632335156,-54.343895402319255
621,143.34082984916708,-56.690828318620895
622,153.01524281313317,-67.41475356313526
623,162.80972834813775,-60.91417583593582
624,156.25098675175758,-51.32652408207372
625,151.80439017728764,-50.95248733053834
626,144.1166075981106,-49.545076248158956
627,149.69506062691963,-54.385214413898616
628,144.37725906746442,-61.071182414464964
629,148.94830165467133,-69.26658334888891
630,144.48491152877776,-60.323640759963034
631,134.27895390451408,-53.56420712368944
632,133.11364167232279,-45.87943126608843
633,132.6967459315928,-44.242786838774556
634,122.84900314775236,-37.56394435379194
635,121.99118475510144,-33.09356093370704
636,116.56311192667955,-42.7602613916838
637,110.96787530056007,-52.65833624172385
638,120.92868227337921,-45.45977425697176
639,111.67667901561433,-38.66043000142661
640,101.83419253555799,-43.17835372040348
641,108.93875530810455,-33.631696838174626
642,101.33377500992256,-41.63156716466853
643,97.78930404940608,-35.26792993034093
644,106.95703120759786,-40.919640940821125
645,99.86781046309528,-32.43104580522526
646,95.2326468193345,-39.77920544217114
647,100.60389447205027,-33.885947211552406
648,92.52568513156375,-25.387006149828885
649,102.15972382723385,-29.900108523054605
650,105.1028087847069,-35.73927137546728
651,111.49072795497628,-42.92009543187857
652,113.8598515109444,-49.55648160785668
653,107.87903541467544,-52.62039181145238
654,105.66639595286335,-56.2381353768864
655,114.75265850297941,-48.5445896806806
656,117.73221873303726,-39.277932383178495
657,123.223075831332,-34.39191107601157
658,131.50305664214054,-30.90605223910811
659,134.98381847368333,-25.029180649056407
660,128.37332688173476,-30.794946633638766
661,122.67784948178775,-23.533598951747976
662,129.1288876814929,-17.943858550492983
663,121.71455140621079,-25.591675458036335
664,127.29690083402959,-24.806316587925803
665,135.19760455083596,-31.58280760171972
666,137.31574728597778,-37.001366465481595
667,146.26099624226802,-29.869836026295935
668,150.18126213712392,-33.46596749477851
669,141.66603966141508,-38.4533253554384
670,150.4324342823954,-34.05242854805461
671,154.51856647466482,-43.75036540169771
672,149.86386825833648,-51.06222366505165
673,158.54785428687,-44.340961209438426
674,163.3130183569732,-49.65507096325942
675,172.03225030032283,-51.465503787791036
676,175.20505249697456,-45.72213424821653
677,183.4226017595522,-35.852286135483666
678,181.96843212919856,-35.053067163815804
679,172.23729113600277,-39.859316307604765
680,167.897394143347,-46.89350359562629
681,162.9952040070091,-53.33350244910898
682,170.18294652795151,-63.446707768941494
683,169.17187657966264,-59.25404604113434
684,174.23138248546712,-61.78662024703718
685,177.70379439383524,-68.26195599558238
686,183.45008402352914,-76.50761662028603
687,174.17801599369898,-82.30069685780114
688,172.32006146148353,-88.63410587985778
689,166.91847723941345,-97.85406207654958
690,173.93985979844706,-102.71042099807852
691,165.47270880569786,-103.6439863150279
692,161.5930911515557,-97.1881813729157
693,165.24530713158072,-104.80888829966737
694,174.34105784579074,-105.1712511889001
695,175.84386648321978,-99.9781588733052
696,172.436282546897,-91.45523084547897
697,163.86760604849465,-90.01962092658042
698,154.8955195580906,-87.1196720368151
699,165.66436032581964,-76.72533928392997
700,161.45500158284497,-82.81367288460136
701,154.58907484234453,-75.99341360880773
702,157.42989653749427,-72.94417325491032
703,158.51459182594508,-66.86508105167728
704,161.548954849635,-70.69891180842578
705,165.53132676679402,-64.11515962758209
706,155.20193631401864,-67.90440703620065
707,164.02842462995199,-69.59937786489508
708,168.88908924898308,-59.504760016245896
709,170.31581880147215,-49.52480410903813
710,166.17722216426554,-52.770657634865366
711,156.38438275139407,-49.52527142218121
712,154.67170234021413,-59.68348229372572
713,158.9638391342649,-63.34012716387897
714,160.35402625787043,-54.4261318304895
715,150.41189613356775,-46.731984255609085
716,143.87224817783732,-40.03962455930971
717,139.92137589841388,-47.23610301534571
718,144.55283130449277,-48.31876221399521
719,139.16581930286918,-51.20718934096085
720,129.50671687848362,-45.64984973782226
721,119.24265482853542,-36.655868407635005
722,114.28964764904384,-42.87406559278989
723,105.18696675359188,-39.57893385385173
724,108.71336753600934,-46.97997898855964
725,116.08893165984966,-55.8829461409333
726,113.7011846676633,-53.33776491909924
727,107.54259353104409,-45.830763914647434
728,109.54323805545407,-47.138310170526225
729,109.06289273418838,-44.308149064656654
730,108.52991931950521,-53.17650995268681
731,98.86708590762868,-46.110319977339785
732,102.9366229823649,-40.216563195356805
733,96.81836110022202,-41.46427843747042
734,100.15184132848982,-38.74523282907256
735,107.79643452406766,-44.945480815345164
736,108.88191596874212,-50.70766352236276
737,113.75023723042796,-49.099064600824185
738,108.44394852701396,-51.72055932619927
739,101.87856878873387,-43.88623545662545
740,91.7398292172711,-45.441247381315385
741,94.6615966317801,-54.62733673735907
742,90.35186324062225,-58.23169424126991
743,89.4566824399387,-66.2390305327437
744,91.72090628011576,-67.25636482699159
745,84.80826113915815,-75.99331914644176
746,94.63411475224882,-75.30506740995823
747,90.79806268865096,-72.25391936198146
748,82.18685492086995,-63.33090269563101
749,73.22016731591617,-69.62484871488527
750,82.36032184872357,-76.46887089289714
751,88.3244452530937,-66.72390853617455
752,80.61584281343798,-63.908523175810956
753,73.40933639078048,-70.52935782875218
754,69.7520804236497,-80.01712978852021
755,72.43431507786065,-84.85866709015977
756,64.07271321197881,-92.61427966891205
757,73.75987711524616,-93.96028562238739
758,71.5077315099754,-92.16420171697038
759,80.83637353040318,-85.42848167274019
760,75.80778901256362,-77.97380684977878
761,77.83626445379734,-73.40470391609698
762,84.75846765566513,-70.89429764025186
763,84.15459954046872,-70.4728555091868
764,81.19340628612734,-68.04624401677302
765,75.08120134972813,-77.08324464539606
766,69.61306227810586,-81.0720658881057
767,64.10619931180445,-83.97174022086713
768,69.74854146558134,-74.84416144653778
769,65.53300900675474,-76.09459689366138
770,63.0493202960749,-82.0102196476761
771,67.1806469311534,-85.68982004486514
772,70.63582351966991,-90.07239370634156
773,61.96617442543684,-92.66959060549073
774,57.75378061087981,-87.7855593190964
775,67.31221237561641,-77.95362859424027
776,61.987621156164224,-67.30999322849048
777,65.00101620857852,-71.35001130906011
778,57.8145234703909,-81.20384011563327
779,59.698491753108165,-74.61566895842434
780,56.97424928769835,-71.0166535894154
781,52.08290303748594,-62.27582062974159
782,61.64342464331597,-69.24749182539361
783,53.46613220601083,-64.43071253602483
784,59.31475706238429,-54.66388664282429
785,56.994484315326645,-46.75408349322499
786,64.39668861044211,-48.2288565969927
787,54.629163214328614,-41.23351970755278
788,53.73465622401009,-48.257657568583106
789,55.434812245582116,-44.627983941862745
790,48.34345062632319,-54.55738139856855
791,51.20799455751252,-45.80482128416192
792,58.20062051351928,-47.09426882624359
793,48.09056341138076,-50.08378410378038
794,51.08413203952316,-54.84742271367046
795,48.697224096472056,-63.18531791550027
796,46.66830868683381,-70.51949084693446
797,50.9448231732556,-77.5882482973865
798,42.78965605722118,-67.62360509840146
799,47.31012395774927,-68.95301612636348
800,44.494534261737996,-70.5147234502034
801,49.59359296507654,-60.67153636371807
802,40.65417993889875,-50.75091043082061
803,31.28780243465337,-57.63092720061286
804,29.21997459358882,-67.91464278566907
805,23.963559050038796,-58.469207698933545
806,27.895424485591306,-52.6091382959686
807,25.298536547364677,-46.969271702779196
808,28.19912201823243,-41.41365861855957
809,32.26723771653871,-49.320927377855476
810,21.849361029526108,-50.16158687570663
811,12.450115346530065,-43.96686260781126
812,14.753525314460589,-42.943543046355465
813,23.249694827305046,-34.66232670505375
814,30.959181938229616,-38.44772957731976
815,23.138307570854096,-34.09672225188991
816,25.391836506205568,-36.63875680705932
817,19.08799396510475,-26.991273344853063
818,20.847119042831487,-21.53086833425967
819,23.662675095202413,-16.80683221445379
820,27.94282394615565,-14.982740252527158
821,30.420429578054005,-15.558438332337374
822,25.613141376606514,-11.671372737166593
823,26.612898825343684,-19.396478500846758
824,20.375718772568717,-29.170621703596943
825,21.184998461900477,-22.72274638499838
826,27.44618528519608,-27.520170400092702
827,32.463784179540006,-37.47412387249983
828,30.705518780618267,-47.4807269757466
829,22.102901104770048,-46.04018595813818
830,25.216283075338303,-40.78570957525329
831,21.14256330496798,-47.50670029555151
832,30.74201901577174,-46.71150625551958
833,40.47678211040449,-46.076536821903694
834,43.20605309423901,-40.29372818216696
835,41.03784804099459,-49.09412054833554
836,40.11106218678241,-50.8867206170258
837,42.93789198791263,-49.130007392664645
838,48.944432767358265,-39.27237983487241
839,56.115194611267945,-44.07389286287441
840,61.90075423207553,-36.39168552010668
841,71.6930986192965,-27.946168908680846
842,61.77882895659141,-32.96112492021226
843,55.33969291516507,-29.649693531548756
844,59.50445652691183,-22.128716766594746
845,62.350452630148894,-20.530337442020485
846,56.45223256898411,-15.668159651132823
847,53.82894305332003,-11.215147593703797
848,57.465497760343695,-2.700034919607541
849,53.55614496983,3.4050618687709497
850,43.61774562979761,-2.9101148923413875
851,48.103797107961164,-10.303875709738879
852,57.26597892665815,-8.855462293707829
853,63.60100585141443,-10.1448681152709
854,63.72547393946795,-15.584845039721205
855,72.11428259976174,-20.396285483764498
856,67.70404336941189,-24.17040395629713
857,58.27404881225424,-21.59470320699507
858,68.70341105224318,-28.46633960923569
859,63.27675890966599,-23.10225370664405
860,60.970642241541626,-21.232691855395906
861,50.58558512274217,-14.693904057014006
862,52.579679244286936,-23.55046292907623
863,49.61971142517329,-30.553493560279005
864,40.49465412006087,-40.42104421658763
865,49.882022116143446,-38.26823647211025
866,48.66483970962924,-30.930700922252502
867,43.09740109542205,-28.089208135020353
868,50.67297638590355,-31.69439819215268
869,44.8168465183881,-26.898426879351206
870,40.6970406567525,-34.50582790508111
871,50.061073412640866,-38.3585707967039
872,41.01975313881685,-43.89278002385747
873,46.99859088482373,-37.42253578882801
874,51.07397980261993,-34.43565667745592
875,49.8652001501423,-40.12062061256307
876,43.849895108964326,-51.01228637318703
877,36.453635361113754,-44.68344324155049
878,44.366159144919045,-43.66081432854851
879,45.37288176904097,-49.24238698827996
880,46.874205409086116,-52.706581609325035
881,45.6116944936029,-54.02744795599042
882,56.20020538477475,-50.18347793323536
883,62.4264474497535,-47.87192205290225
884,55.939906949487764,-54.01574296400049
885,46.57557006228966,-43.67690321677611
886,42.22806728086934,-45.129840217284645
887,37.22597665164063,-47.95882054693654
888,34.52616763539929,-40.1332822061116
889,38.47234652866889,-43.00465764008668
890,38.88515461695488,-34.99101775316517
891,33.00525935487025,-29.89473858329004
892,36.84484953250521,-26.405142760319407
893,46.919938754164285,-33.06637115224996
894,42.599830466777895,-30.716306251867028
895,34.69753123874277,-37.688288736058894
896,36.656833288647654,-32.654546405071926
897,26.161046995506794,-26.976888609836024
898,33.39531126843736,-17.79003077274941
899,29.446210163329678,-7.792013194524907
900,30.25701194360291,0.4186953872773236
901,38.25557557865911,-4.763258809395092
902,47.32783766405625,-9.712032384882644
903,41.51907768526792,-16.711619076563192
904,32.73959807046902,-15.602260071656461
905,42.555288192558294,-22.184097284966477
906,48.669470006170926,-31.10748615146952
907,51.48421025908815,-33.233632544928696
908,54.770328160494756,-36.1840478784562
909,59.34819607350752,-29.492150200647522
910,64.0394214674212,-19.556293544519427
911,58.98213227033563,-9.62916551770477
912,63.8306944418335,-15.317141939422946
913,66.86554790921119,-20.32307665561391
914,57.029931798899426,-30.524151044754348
915,53.47238697256138,-40.749942084775135
916,59.81621827083988,-36.395702027415304
917,69.83532176071958,-34.60828617688583
918,60.01889037721359,-38.00749901264788
919,51.69691284570992,-32.57821320772374
920,44.75397500795523,-42.464547255639495
921,36.397422295832854,-47.2809948072143
922,37.654284084409156,-48.3699078916983
923,36.03677544293046,-44.13103769091645
924,27.478869016385072,-40.16990810433268
925,22.28890718197139,-42.94466969128901
926,17.683238159711173,-37.90162221019064
927,20.5269791402405,-42.13958153075388
928,18.921044502018873,-47.5510915000433
929,28.53886047960291,-54.14995549581563
930,35.870108019427676,-56.01453298228752
931,43.112030142421226,-51.9097050176014
932,43.74172533070282,-53.159097096991715
933,44.797159321328714,-43.21467630769946
934,43.539742408087754,-49.27476936873289
935,40.49354696678202,-42.95816800779825
936,39.882856699667116,-40.62866765326506
937,42.7117782899884,-49.56380732460811
938,47.952341032468546,-50.384254808234175
939,51.55167675378747,-60.68639015281998
940,54.62903025665853,-57.27371476854161
941,56.84121612283888,-56.55882513570359
942,62.32101346744101,-57.28582321445185
943,63.393061539740444,-56.34840557809281
944,68.85396349580994,-54.71417930616065
945,65.1207878822154,-64.13788895295124
946,73.43725262366647,-73.3219815880475
947,69.59437828749238,-69.92725463455815
948,78.50990244695613,-61.38067291205998
949,82.16055049354699,-65.41437105072372
950,74.23382023922763,-60.67713565492061
951,84.07418071172505,-70.0203309774162
952,80.9830096036757,-75.70553225518482
953,75.00131313870712,-70.10376612412627
954,73.4827746963004,-80.59171123198493
955,66.94143615194413,-86.89145451843314
956,66.1917699814052,-94.84740844239406
957,58.058536412325935,-99.27577912255025
958,66.93124883702257,-108.31401143078301
959,72.77641872165566,-105.43416449624623
960,74.29772467948837,-97.05447609706002
961,80.47873467255135,-103.83198820681237
962,90.30761647950584,-110.4770584911947
963,98.47669012759755,-107.50002089875062
964,101.41716639275195,-116.62667354131918
965,107.72431979688706,-106.81780892442949
966,108.14045713985256,-115.38987646469097
967,101.42382388758118,-117.6575855624069
968,106.4902900668589,-123.35939303708732
969,100.38624671832699,-123.03579385786662
970,108.51147059258199,-130.48208964879984
971,100.3552179761557,-123.75733842630622
972,93.57831323486101,-133.81692232599082
973,95.08249831423251,-141.10756931117
974,99.72342849422303,-150.6689379374344
975,97.37630908583107,-143.7195072786787
976,90.38867362951477,-152.2894765735179
977,86.59413191817384,-145.35493091257473
978,82.99543088115017,-139.09969693199457
979,89.13581414693968,-131.55576327427588
980,90.59262882391863,-138.8872825834482
981,88.65440281768264,-135.05499000442688
982,94.74543782164567,-142.9589319818515
983,101.4054525189322,-140.8462539158426
984,98.8120709001487,-137.96990530791345
985,108.70188269766312,-134.3370576553429
986,98.36353959268067,-130.8455691879434
987,89.5619056942771,-136.95100860308835
988,88.04115415990253,-139.57040746112096
989,92.999981104342,-142.50729048530346
990,91.01838046383862,-137.87217524880256
991,84.18178404152272,-136.7084324160935
992,90.2499049968215,-139.73735365923136
993,95.77104667143638,-134.91512577350704
994,97.9516367796232,-136.225151101366
995,102.24885258327775,-136.43412119937057
996,93.83692679439291,-142.53164238896923
997,101.22505447532254,-151.1700769031324
998,93.03750231383277,-156.35580886912896
999,86.38039529558425,-153.76942193716687
1000,95.38577537044819,-164.02923062505957
1001,96.45190789220706,-159.20412692634514
1002,94.47588181170622,-162.09209173073
1003,97.41070155180483,-163.50762448708048
1004,104.3017293051269,-159.98332078736718
1005,105.96582567286443,-166.61524749390503
1006,104.89372698162208,-164.50659082285202
1007,99.23305733259848,-167.99836311662227
1008,90.4753364771507,-173.72208008331043
1009,85.59550567253255,-179.63504325613007
1010,92.85492364421023,-181.7514377223309
1011,99.90053911387996,-187.49654231868394
1012,93.94384671349202,-178.57408045540376
1013,103.16882180087197,-185.94732078798557
1014,100.11578632425316,-192.52151507790134
1015,109.43651929240569,-199.2716089102252
1016,103.0821176724225,-193.03184865742358
1017,110.22751324373458,-195.88107387327545
1018,114.99875704114959,-192.22267338777007
1019,106.03627804496823,-190.2010683213498
1020,96.35692320096882,-200.64389680269164
1021,106.08910352333066,-206.9329028556672
1022,98.545766566712,-215.580450828218
1023,91.8673632396985,-223.73904671748812
1024,95.71325941003025,-219.70398914000444
1025,85.06516649550103,-229.49378522729972
1026,94.9661359422017,-232.55645114116788
1027,98.02569381404437,-242.4634268408619
1028,96.38815206197577,-238.64612603964505
1029,89.4600498111279,-237.10821434859756
1030,92.96291146038585,-231.445054971113
1031,95.4389309319503,-232.6404583839493
1032,92.03080818264694,-229.11139977947172
1033,99.80299603836987,-230.61413043817677
1034,95.9672165567498,-227.18432324989115
1035,91.83651766047305,-223.74104606404416
1036,90.23945720203602,-219.2088019693721
1037,83.82309441342606,-217.05420011534224
1038,92.26354347975905,-227.19307019022412
1039,87.33266927629622,-227.64641066487488
1040,90.123210049067,-237.45996513332645
1041,80.10961110358315,-228.4151199665919
1042,86.71789493778198,-229.2244689144401
1043,83.47836087858688,-237.73827768907987
1044,94.02627999597965,-234.6880180508682
1045,95.52492605998623,-229.88000365352937
1046,96.60065406597836,-223.76450385252477
1047,104.58114590245137,-220.25883341980483
1048,99.16967816827304,-219.33355291309087
1049,89.95826097911501,-216.99741163696137
1050,88.47219019506642,-221.5397953303637
1051,97.34745871775627,-218.44608226674723
1052,92.00247789268747,-219.02337437868175
1053,98.8510597719088,-225.1350042882552
1054,88.80790689856114,-231.72123844875438
1055,92.08061891322575,-233.36623106156878
1056,86.34262555089842,-231.1645459319385
1057,77.8581994407738,-227.72400943347702
1058,70.49339936353063,-233.61351334274968
1059,75.65275300891263,-225.58408892217076
1060,79.38481219151825,-216.18884722183302
1061,85.79318370095201,-214.02122361295372
1062,84.35211337974437,-217.42707685695987
1063,92.76667991772368,-211.9852420808857
1064,95.83109617065298,-215.96332144401407
1065,105.77523360354127,-215.1991000683948
1066,106.94244506506995,-216.37650656214254
1067,115.91451801897446,-210.59899020780153
1068,106.26564456749487,-211.22042172489702
1069,96.99047748557413,-203.93600348624895
1070,86.82361504786849,-202.75798783195532
1071,82.67341431301242,-193.1550149819106
1072,79.72481932989359,-195.66699372642537
1073,75.4450984426528,-190.36755928837158
1074,83.52950412854683,-196.89627167266465
1075,85.66516983682409,-206.47435747817772
1076,78.9086955189558,-210.46096222179398
1077,73.09999962907612,-201.53472513787588
1078,79.17403869263683,-206.68617278404147
1079,87.8583427661238,-208.50958801260842
1080,81.96701626916506,-202.22857776406
1081,89.06588772158449,-204.5871763375249
1082,83.53908136012873,-201.6757079238293
1083,91.90357567381781,-193.90442919375627
1084,100.69924496347036,-202.42206053320058
1085,109.71559246063897,-200.23166481293623
1086,100.58215455687807,-201.65925822648626
1087,108.20855162945485,-193.543622303417
1088,98.20599362802635,-197.52813604655472
1089,91.06755721485297,-203.44262474848097
1090,81.87641074583398,-195.5188081039014
1091,87.10877605527914,-205.18369674204658
1092,93.08538085804386,-206.8605386176084
1093,94.14994518513367,-210.39903578010032
1094,87.82151299245585,-204.47871974195323
1095,95.80391108253659,-210.25514890339318
1096,101.56458953574555,-220.40647592645632
1097,100.13084933768668,-222.23839880403648
1098,92.0267599573082,-230.22553265315705
1099,93.42681884082506,-222.5732022459857
1100,100.63705803963981,-230.37657294498553
1101,102.28825719750742,-240.27626426555105
1102,112.45636490081486,-248.72444329582757
1103,115.0932711774927,-242.48459525881862
1104,109.87829006683653,-234.3534025004902
1105,116.92884181910709,-230.57992358611975
1106,124.75483768491632,-238.65918876909714
1107,119.04895613365603,-229.41527897682468
1108,109.45173807171966,-225.94187100157657
1109,109.84106292977162,-228.60991616627865
1110,119.23898941288482,-238.20364375738416
1111,114.32815982942122,-248.24736507134946
1112,116.16288273345731,-251.51885151298177
1113,108.29853395276632,-253.0433815221038
1114,101.98073957427309,-260.33538920505845
1115,95.12271048335347,-252.95298219328623
1116,103.82847999261142,-261.71669512989433
1117,101.87149375386772,-265.11546173870823
1118,93.9774654869064,-258.7202066354381
1119,100.79297484496179,-269.4776680261176
1120,104.35328908961782,-259.47064362206487
1121,108.32443166305902,-265.6769226082707
1122,117.2672702843792,-263.9161909052983
1123,120.51185645877865,-265.999602848858
1124,115.45869323468473,-265.18104615985493
1125,112.66780736079868,-262.91665009453726
1126,106.78622637041448,-268.06014876314214
1127,102.13464335946323,-272.125530416704
1128,108.89285330598425,-277.43841579370724
1129,103.44675116551103,-274.86940275187783
1130,106.2104774751252,-268.96299344573833
1131,111.43950749520235,-266.14276158341727
1132,103.74725665076915,-275.67656553794365
1133,109.92090112311438,-280.2241106181769
1134,106.517021485212,-284.5305545339211
1135,110.31296355360958,-291.2960639269407
1136,109.51336720760602,-301.65360367995817
1137,113.0807908049263,-310.1952633353772
1138,117.26141908393075,-320.0400249493589
1139,119.14464049492742,-314.4747144856971
1140,120.90400103999343,-315.5262220548509
1141,116.8401602051367,-311.0455040324345
1142,109.65602953853583,-308.52963893372396
1143,112.24588909583413,-311.3286608868181
1144,108.38915734084874,-308.82259222266276
1145,102.26388967107957,-304.09839131737453
1146,107.27455232408273,-306.69477723758285
1147,116.4698044384024,-314.3596437879367
1148,107.4483902364343,-319.49973044804733
1149,108.2201717162354,-311.91669257125056
1150,111.44547313964821,-306.8363398886968
1151,101.45588442052117,-298.15507037287455
1152,102.79875749084009,-287.61671523793524
1153,92.76975402116584,-286.0504672114098
1154,89.96489852968175,-293.3514292905737
1155,99.70704117552931,-284.7315938628221
1156,90.72616932901617,-281.26359834935823
1157,95.97207616594491,-289.57110997993453
1158,100.15770514243208,-282.91783870847655
1159,95.17120867405697,-292.9940512594606
1160,84.91195487198175,-302.11012777331
1161,92.91013083367434,-307.0681908475107
1162,88.56835682896202,-305.93853525739644
1163,85.38667431239672,-309.2943689562428
1164,80.20999051048184,-312.6329111155094
1165,71.78786226674771,-310.31537720398444
1166,74.95637830243594,-307.07721469754597
1167,69.4744370751213,-316.52975629509405
1168,79.95783602409003,-312.09259940673064
1169,75.03202437646887,-317.6115273187968
1170,71.68000319738732,-318.74418633558736
1171,77.56127854429754,-322.6363769391877
1172,68.41633017397612,-318.80155849175986
1173,63.2562409195629,-324.10251283707873
1174,73.332010133138,-328.2850191110187
1175,66.50219469663463,-320.6505702519388
1176,63.622236331667224,-321.58366571831573
1177,62.13422939499627,-323.294255442219
1178,63.943247893102765,-315.04196621803334
1179,70.67952126831618,-305.26560774122606
1180,75.22113803380117,-307.31913508760044
1181,70.05930321953839,-307.6924265125627
1182,65.9073651061891,-298.80809710108036
1183,64.48077312700326,-304.8881258477909
1184,63.922730624775326,-308.45594091212547
1185,55.91398082825539,-312.61310341219087
1186,47.40275823945971,-308.2991176917148
1187,53.750937773206424,-311.66784314607054
1188,48.092001796943265,-315.42366142905854
1189,47.13017595571568,-306.3126061695066
1190,43.24043382420612,-298.45828372307494
1191,50.183535061722814,-306.0643538980027
1192,48.37761189875679,-314.3314090023255
1193,47.67020246471721,-312.42216054033344
1194,54.800345318398556,-320.85902667540097
1195,45.385829961741265,-318.4177607673166
1196,48.04377867022084,-323.59694907878287
1197,50.97831922501601,-327.16158545916016
1198,58.13426786419162,-330.40970374571333
1199,64.7321635937189,-338.9030424590498
1200,61.16227334851393,-340.50358241367826
1201,68.30243509118287,-338.3285692608961
1202,59.91026764903976,-329.55455870222903
1203,69.56786887315828,-334.8434513016474
1204,74.55098681283334,-336.6329994599803
1205,78.27746292869327,-343.98358871182336
1206,81.58336597384533,-335.0447655693681
1207,75.09737493715582,-332.51346344897155
1208,84.27595639024243,-336.48836269519813
1209,91.78824557624404,-326.8151592930788
1210,81.59055461898603,-335.403955098373
1211,77.81613596882934,-326.54121459918684
1212,68.29162086154881,-330.38288989453207
1213,78.66954709391825,-339.4227162254285
1214,86.92524341237602,-333.42814565184113
1215,96.3998150758563,-326.6167768548849
1216,97.35618144532444,-317.6608675041053
1217,90.22278732044774,-308.6279667040903
1218,95.14623031232607,-310.8627459225344
1219,94.00916641901047,-303.42697301837376
1220,84.25303812111963,-307.4455609657947
1221,78.06785263420747,-303.4373549422814
1222,80.47935429274905,-305.0672299237304
1223,77.09869308399765,-308.83551038344984
1224,84.6695866269402,-301.2604066259318
1225,80.91974680202023,-296.81531367581226
1226,85.7687930365762,-288.91379363386125
1227,84.60071631043718,-298.09877646444187
1228,90.13326493260274,-294.97927902253934
1229,80.53569702823734,-303.85603242329324
1230,84.31054267653566,-301.1218990746882
1231,92.50931670936201,-294.9227134281388
1232,84.02613303977998,-288.77919715171885
1233,94.6277875274992,-280.55699244751776
1234,94.26349593221,-275.12651321351433
1235,103.28372086656138,-271.4788976455199
1236,112.40797093330288,-276.2931522492467
1237,113.00400748646294,-266.3690615156931
1238,118.63184319680695,-269.09379491902905
1239,126.08854544233371,-268.21895012160905
1240,132.53949608036817,-266.3941397631894
1241,140.18449137745654,-268.6123292825869
1242,143.85955366633783,-275.0064791940771
1243,147.7720427674088,-268.7914998804569
1244,153.6317909278182,-265.26775140580185
1245,157.73324672465264,-274.0704437181127
1246,154.50575687372205,-267.15865060470685
1247,144.1023997164578,-269.6476235814447
1248,146.81287068208331,-264.3324484460703
1249,151.82819710887284,-273.85042309147786
1250,150.1324323430287,-266.6181144781372
1251,140.70441150833776,-272.55109401032
1252,147.43228560927656,-281.6603961208606
1253,144.42217991087222,-273.04311788392835
1254,137.8022829252829,-275.44716689103615
1255,128.65345230776006,-279.8477485614809
1256,132.04703856378586,-280.04534566586347
1257,133.33818199140293,-285.153850706017
1258,126.71290345229289,-291.77304445998476
1259,123.93018676589489,-287.3174257037306
1260,134.0787320383834,-297.8061034052777
1261,140.21575968156952,-302.7998529790948
1262,132.35434221794463,-304.5774547903015
1263,132.1470523352787,-299.0907445655262
1264,129.63146998342083,-307.70977625606145
1265,126.97895315482394,-313.2190633786757
1266,133.51978452226177,-302.7504484242481
1267,136.76557081195395,-308.910096032234
1268,129.13414549836116,-299.33271956139976
1269,132.32127889657679,-304.47314898639934
1270,125.84044416416032,-307.68910572302036
1271,135.79140639915482,-298.5407779277222
1272,130.54239367784714,-302.35341739078507
1273,136.41978728568364,-293.1042522181156
1274,146.3227072781333,-288.9709299535594
1275,148.61146905747623,-293.73523880703226
1276,155.42304446889082,-296.3921080166364
1277,161.76187345264293,-296.8898110537473
1278,160.5602660494818,-299.58552403046605
1279,167.34313280520226,-307.58550193315654
1280,174.0629223621612,-316.42598094708325
1281,164.37602493524014,-313.73281006562564
1282,166.0117677780652,-310.2604094864699
1283,164.23402152410708,-318.9981649803686
1284,156.50226555086098,-323.7330178146854
1285,151.9549293026603,-325.3679952557025
1286,153.92206135987587,-332.42784446914993
1287,161.19093117850545,-324.1753461796899
1288,169.30358242440005,-328.1081489711598
1289,164.2905935219143,-320.37077615311495
1290,162.54824232329298,-329.45000755534477
1291,163.3375162358564,-328.1489924500576
1292,155.68272659342904,-336.0196255483749
1293,150.14065608634345,-341.5538904241532
1294,140.67975882578503,-348.2209181229442
1295,132.4357996902632,-338.7776207553203
1296,122.52910278086388,-332.5804645542199
1297,131.5360207474188,-338.0774190284341
1298,127.71415021248596,-340.38097190491794
1299,130.35932042249166,-343.3922671938467
1300,139.57076072025063,-350.4763180118175
1301,132.67223405831663,-359.8761280235556
1302,134.0234462005241,-363.69762960408553
1303,138.37339868452096,-362.3643863109638
1304,145.1971925638514,-368.5606072418479
1305,138.97137264318295,-374.8981717007363
1306,149.18362975607198,-379.6090511655682
1307,144.9124341371183,-380.8564420371897
1308,151.30985886553168,-385.20234232189875
1309,144.19491410656067,-381.1987811112449
1310,146.36366050320441,-378.3271330948947
1311,155.41681392097277,-381.6636918393264
1312,150.6807088405808,-379.0809560138863
1313,148.90941831482746,-374.56953388053256
1314,154.90241686338388,-373.2001504226343
1315,144.92382792421319,-381.3170242948476
1316,142.93736299954074,-386.6983178517873
1317,150.99223993896672,-382.2543754139201
1318,160.52222195298515,-375.46889175891556
1319,154.98150202829981,-377.2714336180887
1320,151.8816633351545,-385.94182244611125
1321,143.95573566004754,-392.1029363416838
1322,153.10156754149003,-388.90502564586745
1323,147.61918098988954,-381.00702800571435
1324,137.29472575747326,-371.0416241222685
1325,136.83713139865276,-379.7590637301572
1326,143.33452431769402,-378.37828558726716
1327,142.37972834339183,-376.0409011085893
1328,137.32569635765785,-366.9577053768358
1329,145.92342651481002,-358.27545374890775
1330,154.16173988093547,-347.92209056579986
1331,146.07224582812535,-349.9201650062401
1332,143.69246913788336,-351.3976445141656
1333,134.15124857576728,-358.741307197556
1334,130.33192439266728,-366.72289715781017
1335,125.06159068664059,-359.69350177151017
1336,130.96678713471016,-352.6687743359676
1337,134.1591504591523,-360.4905543060111
1338,127.56594691728934,-369.0806198962907
1339,128.36999364481912,-372.1079389198702
1340,133.2276594065786,-362.68682423920075
1341,136.97173471603224,-363.9486281153191
1342,133.08276602602137,-358.1448989002621
1343,127.42756750469377,-355.8935650607012
1344,122.6666165714979,-361.41420611559204
1345,117.182462723235,-366.0145753406382
1346,118.45249592250293,-367.4269663200578
1347,119.85587665577353,-374.32325166997117
1348,119.1434658614169,-375.3955835287044
1349,129.20996131184248,-378.3219330419415
1350,124.16707730385191,-367.72326547547465
1351,116.84361616311634,-364.9292981428816
1352,121.00323820821478,-374.3651118796485
1353,115.41330570459446,-373.3150827719739
1354,105.11741188075409,-365.04902358195596
1355,104.62179462399384,-357.38149980908565
1356,111.62264259133491,-350.84693196417254
1357,116.76857506430827,-357.5568061308495
1358,124.01165845058031,-362.36378565393755
1359,127.23380284679814,-355.5645964204896
1360,128.2410632779996,-360.7861526423743
1361,130.90211892182404,-365.57118278005595
1362,131.90008738148407,-371.43916364893965
1363,133.62110572139113,-373.9616222366939
1364,143.25090787796566,-378.6365190940684
1365,140.95604807392812,-373.4245054238823
1366,130.52551200344325,-378.90026643709575
1367,134.06293728170314,-374.87553634096093
1368,134.37049746982922,-384.1310197437167
1369,143.47645161417753,-374.407781928038
1370,139.68706630545284,-382.26519946649336
1371,139.33448550698233,-391.88057184186056
1372,147.10330278307882,-384.2343356779273
1373,151.70607937883872,-378.6344747967967
1374,150.3801446738981,-384.66945474329265
1375,152.18063256011504,-382.46907999025876
1376,161.33209553854303,-388.59705861480586
1377,165.8484130837536,-385.7556695479138
1378,171.2475954009999,-395.16560097459956
1379,169.20525420290522,-395.5299423718685
1380,168.658251916426,-391.1769499576423
1381,161.24214441838234,-381.449352667107
1382,151.51932167752216,-388.6279019835464
1383,157.3765539420296,-394.0766180161841
1384,164.1569693113961,-397.73140534929354
1385,162.82038570207635,-390.82648257925484
1386,155.53857647709592,-384.6210198395437
1387,154.15749126764888,-376.304303698445
1388,147.0876657606279,-367.43827542014407
1389,141.19388741372896,-373.5144128120789
1390,131.04589521375377,-366.12292298242494
1391,134.67866363573947,-373.21423622486276
1392,138.10244476703875,-364.417590839036
1393,144.39227947699266,-370.8039147928192
1394,141.71908780208003,-374.9462116853033
1395,137.07926555021956,-367.64983168992904
1396,129.25631269677007,-372.49862577739435
1397,138.85641222398013,-374.7155481062178
1398,142.43955260344254,-375.11840746577815
1399,138.83625056310132,-370.05273682108157
1400,133.8677052626695,-367.46575965369743
1401,143.53834243972454,-363.2865211943556
1402,144.44343662794978,-358.13445877941336
1403,138.7185009643751,-361.4967655103058
1404,137.67979926963676,-365.02140913269676
1405,140.99876067897236,-374.4375119597195
1406,141.48684753221409,-370.2868957215922
1407,135.99116449228632,-369.0998203041887
1408,142.22876929257976,-363.66116981768306
1409,137.06631980506015,-361.1044873560122
1410,134.9548951060497,-352.17917545193217
1411,145.35609788218645,-356.06155171016115
1412,146.2704680806743,-350.0451630016357
1413,152.77097181956736,-343.2161686793942
1414,155.7410259327148,-337.20596940166405
1415,150.7867059737555,-337.0622569563077
1416,146.17854341209454,-330.6386597146892
1417,152.00403097001083,-320.8408894215588
1418,156.80182406506862,-326.8911969185523
1419,147.41982582333208,-321.26717401729155
1420,149.58722889809044,-320.09586638401186
1421,147.4255160076444,-329.1676208187783
1422,144.43368733932536,-338.2263869912965
1423,140.43470111288292,-335.1598125069063
1424,150.15527433321745,-333.3900671970215
1425,154.81530826813415,-324.6691173951092
1426,145.70792081867285,-322.3030845651996
1427,152.68147912153051,-329.0242667813308
1428,153.38233055389244,-337.1259418268582
1429,155.40689575735774,-332.68576380010336
1430,149.18795096180557,-340.7240069815586
1431,147.51269775679123,-331.5648516018023
1432,145.91100531867332,-339.2468730871232
1433,148.130291569454,-344.98695378593476
1434,150.51693923655338,-352.5682487423357
1435,155.79457357881523,-356.6363060007301
1436,162.63087602026465,-367.343554316522
1437,156.18276461330743,-376.08620048123845
1438,156.67304312082155,-371.87616244802916
1439,163.46075402409474,-370.9823446306739
1440,171.05807332024517,-361.5625771470166
1441,179.0220202528575,-356.2539252278285
1442,184.4131142550233,-354.5418628935232
1443,186.7069151387397,-361.71061979094424
1444,197.4498877804709,-357.616698139646
1445,204.67274797494068,-361.7698743669175
1446,197.2260882049177,-353.98056126640563
1447,198.2582641469872,-357.18925787883063
1448,188.21044712918464,-358.55115986046394
1449,181.2044464496843,-362.77860852549213
1450,175.58373774293662,-365.5544370330499
1451,178.80015487351977,-361.13989745004636
1452,174.821282547984,-370.77045380052004
1453,167.16898933488062,-378.33054038054047
1454,166.0504176733004,-372.2540741594551
1455,167.65740765319924,-379.2734369815374
1456,158.11955874578348,-379.52195040341996
1457,165.73113091387538,-388.4461987650601
1458,160.9472257671141,-394.3630651013103
1459,165.98056317334596,-393.4679320261502
1460,162.31642035528702,-396.6964435512676
1461,167.18790783088676,-395.4279163187133
1462,176.86783959368603,-391.2395486301652
1463,166.28481548715376,-386.2855398135953
1464,167.347323192563,-388.09705582868446
1465,170.26899309165006,-398.14404884055
1466,171.13246591883447,-388.67476481168984
1467,164.44598006818794,-386.98985333484916
1468,154.80327482454265,-382.24780130652124
1469,149.04531296124804,-383.4998354072471
1470,143.34783830701647,-382.39418885846004
1471,149.0558992322011,-383.66432943285247
1472,146.54545165964305,-381.5207181707714
1473,142.64475298877815,-387.9856857884558
1474,145.21410733294707,-392.3378349410925
1475,140.63161633001985,-382.5644245459751
1476,135.61803269818344,-377.898681479145
1477,131.2165588042764,-374.08436407362564
1478,140.5297022201974,-378.49860671486067
1479,132.41153560351322,-374.26884536359864
1480,124.67412179874364,-366.8556344293921
1481,125.61056230049513,-357.18524701277954
1482,132.20511966825853,-358.94240010646257
1483,140.28271022021545,-368.58852566966976
1484,130.47088128542822,-374.0299858032138
1485,136.8694658424748,-375.01177301538917
1486,144.4531974581523,-370.79596333159316
1487,154.14429456410164,-367.97332942655277
1488,155.75767690194863,-361.49668858577775
1489,146.58459620492567,-356.53356656689743
1490,150.060556001093,-349.04485459390213
1491,156.80974536435812,-341.42006656212726
1492,151.16795537533994,-331.95243784302147
1493,156.30869612205453,-327.1268373259448
1494,153.09377421920368,-322.35370234833914
1495,142.97482344368092,-313.97229780448225
1496,149.14720709738103,-318.70760983037513
1497,144.80747891483432,-311.24686579689296
1498,143.5457542657072,-314.1594500925351
1499,149.91203896709266,-320.3342114935363
1500,145.65216615188254,-324.42161345362877
1501,136.72160239439094,-320.3294418014066
1502,133.56426468313694,-317.1546361725056
1503,130.05981095583854,-321.34968627748054
1504,139.7106412855981,-327.0433897242611
1505,148.5924989090309,-320.70930097477634
1506,159.0804239104452,-326.9322242775714
1507,151.0449207804394,-329.5161873695476
1508,141.52378552750588,-331.6509949752522
1509,146.25947062286522,-325.6405763672584
1510,149.48092420361053,-316.1356568918048
1511,144.78505704604405,-308.8792796658789
1512,151.31562480625544,-318.18102921360247
1513,145.46306669395844,-312.99488500679735
1514,148.05225644743754,-309.462967377555
1515,150.0425130347997,-313.1876008311321
1516,159.78761752977786,-317.8576906691989
1517,150.04902555435822,-318.3858652986906
1518,155.07539289636406,-312.16357772778514
1519,158.01044378124118,-320.00532886595715
1520,160.07148963170224,-318.5807427592271
1521,158.9344413504461,-321.45484700905394
1522,164.9867471032916,-330.86322636176493
1523,174.72212019910705,-337.6235949683637
1524,166.54965833087454,-347.0735773762592
1525,176.33513471624943,-346.1784018173471
1526,166.6524788610341,-339.6705918288858
1527,160.94376910814916,-347.78071617718604
1528,168.710963624651,-337.4878575455448
1529,164.14989749616655,-335.67772965212004
1530,157.07498733486455,-336.94424737145056
1531,164.46268202356896,-345.7385824156674
1532,172.862738999836,-353.90291643455106
1533,171.1509092251067,-363.3955817923777
1534,178.6147141935313,-357.1782179117892
1535,187.51920761309262,-347.5228421894234
1536,192.04934183458377,-342.6073728231527
1537,199.89852738336666,-347.5764377171508
1538,204.73361627036385,-358.25113652609207
1539,214.29045900283842,-350.30738948377086
1540,218.1143898280437,-352.11426801075
1541,223.66123830575486,-358.8942860790023
1542,228.75380393484377,-366.9478971160222
1543,235.3748125194778,-367.4705223347097
1544,225.58245352095182,-361.15557171770337
1545,227.68684378976238,-366.4272164206572
1546,225.3211819908578,-364.10075076443803
1547,215.4968794886318,-358.28493719602835
1548,207.58895554545356,-361.5768332306968
1549,216.69369206618336,-362.78783544106057
1550,217.36887503621514,-364.31531302836936
1551,206.7103116976683,-373.7006950413521
1552,215.63487762083315,-383.8340357801234
1553,218.8718793523949,-376.65082721674503
1554,211.91218451009053,-383.0718404419474
1555,218.2583852855177,-376.8345735454788
1556,213.65606130026364,-373.18359099037866
1557,216.8426596772574,-377.3988846667708
1558,210.6935003544303,-369.61550519400714
1559,219.67193495067744,-376.1628676002206
1560,213.67611798063825,-371.02655900650115
1561,211.29464191253336,-364.5899994565185
1562,201.34630824357362,-374.8955807585034
1563,193.4944922753065,-381.1866055314371
1564,183.77930596318515,-371.9987494741465
1565,176.5846767696484,-370.144916261617
1566,185.37827009610447,-364.99370461740443
1567,184.3315148340512,-360.0453053119556
1568,185.88588726803562,-355.7880943378607
1569,193.37045122244632,-363.7881333392814
1570,202.9005422560841,-369.385729777628
1571,204.361705235173,-365.65942365192865
1572,207.16476981042618,-363.9780997822734
1573,202.642456104739,-366.1872149567034
1574,207.8314647942076,-368.38888947848613
1575,203.19742592278027,-369.8052728147138
1576,205.2590184995846,-376.7093449246392
1577,208.5306028383949,-379.44228089519765
1578,206.140567739928,-385.22655340168984
1579,206.7154714658897,-377.9428621685204
1580,202.5855848645768,-367.9158975186525
1581,206.0387055429714,-359.54004490546293
1582,212.87801368842267,-367.7658218856064
1583,203.92093324120665,-363.07719412807813
1584,194.0096466662914,-354.4178496013108
1585,191.06756515462882,-361.3886898438864
1586,183.80038564680706,-364.9550962575789
1587,193.92975190171848,-356.14730350709857
1588,198.1456717070519,-353.0288827136725
1589,196.8759907808431,-343.10967487266373
1590,205.99595253501363,-346.49818442209835
1591,200.72251465574902,-340.8003895837947
1592,192.8344465345294,-333.8443006447058
1593,187.5016541007785,-324.17961197551216
1594,189.43466017705288,-324.2751334172865
1595,196.84473974738262,-333.3410344547572
1596,187.08988821509342,-330.15363530685573
1597,184.16995483377994,-337.5979215705256
1598,175.76151592269494,-346.49181818593155
1599,174.91568068618963,-348.4982780572211
1600,183.66427548873708,-345.3040119420744
1601,192.76026135270445,-354.0922380784803
1602,186.58125766358617,-362.9508281832115
1603,182.3209499658237,-367.2000427656012
1604,173.27300946808867,-373.77528138636586
1605,182.45324359287596,-383.3190335870509
1606,183.9669381031276,-376.0447437852481
1607,183.32540536634764,-370.50904964203437
1608,176.64366807360412,-377.95272847918335
1609,181.52626356643114,-369.990678420896
1610,191.86127730858348,-378.57609276116847
1611,188.99763031861664,-368.4737835907362
1612,198.42425796550214,-362.42589655601375
1613,200.59679763654154,-355.0165574155659
1614,202.05913798049608,-352.9708679565968
1615,207.6590940968753,-360.1525543001748
1616,214.6134564375751,-355.51945003602634
1617,212.10931578712297,-360.7512538319251
1618,211.39225741075862,-351.75593698359563
1619,213.08301788175984,-357.7979017938832
1620,214.23291343771933,-353.34665064319154
1621,223.64208522733946,-358.98925003053375
1622,227.82763281001323,-358.390105957673
1623,236.81680286006227,-365.5868537170523
1624,238.3892283279773,-362.0706037135475
1625,229.60037810257896,-366.0955390697652
1626,233.12300043090315,-358.3341677890406
1627,230.31293004525625,-365.83414153955346
1628,222.66639071647316,-370.23520741823955
1629,233.48474254851675,-366.20620644118617
1630,243.91404651869746,-370.68584246669116
1631,247.37274155575324,-374.4246533843816
1632,239.37714509666785,-364.1745429570279
1633,244.35231867605432,-363.1512913196009
1634,246.7624029966411,-353.978397961222
1635,255.69654407040025,-344.21335142783425
1636,260.3197991502949,-338.0446919428887
1637,254.29090355743574,-347.7216705101135
1638,257.08866587983334,-356.45474626273216
1639,259.9747155452837,-353.2406772025954
1640,256.5442106451308,-344.4686076992192
1641,250.3644224021053,-347.772986405964
1642,251.43342608020222,-338.33027605597135
1643,261.95832878082774,-329.54213923542324
1644,253.95979120184637,-331.9616944024507
1645,247.8486560642649,-325.0911775878476
1646,257.4221663903728,-327.8173520693668
1647,266.4663834442715,-332.32566192638666
1648,256.82739859926005,-340.78561314085914
1649,251.92470583822737,-346.3791557735738
1650,242.32000286416383,-356.6453241940465
1651,251.91100281498103,-363.5600081206884
1652,259.6923220427957,-361.19886761692266
1653,251.5775762913112,-352.25725748930745
1654,249.52441420476276,-361.57233013541645
1655,251.64813866569253,-359.06763127348734
1656,250.7487112438656,-350.4038034182087
1657,258.74611833796365,-340.5108706405696
1658,256.2963022083751,-349.959920901177
1659,247.93067915379655,-341.11452642951565
1660,245.61811710019052,-337.40343681686693
1661,235.21811739041618,-338.7160918182936
1662,241.60704930287463,-333.86248649710257
1663,235.95901367790094,-323.9784114115939
1664,245.9558819476147,-331.64799175035233
1665,236.58252809902558,-337.12238837653234
1666,234.58480051313214,-346.0205466318459
1667,232.2494323169237,-341.5490702604407
1668,229.06047571721686,-346.87447006416386
1669,227.32204702267836,-336.56044295070654
1670,218.03488295163672,-337.87035980006317
1671,219.58430764010194,-341.4304266530492
1672,224.9491801842782,-331.40906518556335
1673,227.32946456219628,-326.2169217622717
1674,231.30635398690416,-324.21144997578637
1675,225.12688777335364,-331.9121186362588
1676,222.2465095812683,-322.23899797073284
1677,213.68129732733868,-320.9463478122366
1678,206.22427281956624,-313.2191823381671
1679,202.02065955337105,-321.28265885142605
1680,194.67771302398805,-319.0679472957302
1681,185.38264626056798,-317.43335693391884
1682,187.69716601479885,-313.3338194595418
1683,178.72774491573324,-311.94788231238977
1684,170.3042374315938,-316.6268326006093
1685,174.57834986656883,-320.8482201849381
1686,168.29701932806935,-317.6782215891334
1687,160.96097767560366,-316.87607409705856
1688,166.91805620836718,-313.6077488967568
1689,174.1438673713498,-308.9917704761125
1690,176.1365694638104,-304.42275599045564
1691,171.19426625975441,-299.18589738789456
1692,180.72750046397005,-302.82633854519565
1693,176.75148464541863,-295.2510823029594
1694,168.1388885648614,-290.4701044031544
1695,167.5584947807267,-292.44331480742204
1696,169.15775766305242,-286.6403329745406
1697,177.74784420530563,-281.41864686815194
1698,180.32043737026416,-283.88794703712466
1699,178.3601470553199,-276.74127187994145
1700,168.51750382960566,-276.33779450553914
1701,169.54416512706413,-273.32756987150236
1702,159.34308980277717,-283.3715270612772
1703,169.57721135768588,-275.4545408790156
1704,174.14888012988015,-283.0957698930016
1705,181.40846932937373,-279.8846988673763
1706,184.97006270304533,-280.788549547192
1707,189.75699218481589,-278.06182742876615
1708,181.8851306237324,-277.7596335823163
1709,189.1132492544794,-275.07719762483475
1710,180.47581558849544,-266.14176264131123
1711,188.97306722004134,-262.8171226909864
1712,181.82261596082347,-269.3027506905418
1713,186.63598927654238,-265.80144031628345
1714,192.73968656047535,-261.2019499455679
1715,191.37064644908256,-256.2034726054109
1716,193.74072723411544,-248.8450602612872
1717,198.62188235561547,-257.74036725843285
1718,194.01404697036207,-253.4638164799663
1719,192.85746637274627,-261.6170324063383
1720,190.85538990234105,-258.15190509069214
1721,184.3480343551477,-268.59907036267606
1722,176.01051381733427,-263.9658263586744
1723,173.26316113716754,-270.31157132517967
1724,169.39204825983657,-278.2087823915662
1725,173.82116217481965,-274.9743092761514
1726,165.12719314677463,-278.4337096607805
1727,156.36195170438893,-279.19343828355284
1728,164.971298261475,-277.84206176809346
1729,170.32743978702555,-275.0777963496308
1730,173.32377914766613,-273.54109351810564
1731,167.45635050331418,-268.64852735390326
1732,163.30216788602496,-259.675105159535
1733,168.56916932338123,-253.82163114395095
1734,161.25697462126934,-261.18707910270155
1735,164.65506181603848,-256.8290649986451
1736,174.84304930245236,-262.24355951516947
1737,180.81396280978944,-253.98894174812938
1738,174.93418698117065,-253.1511853642829
1739,175.89678849073027,-252.05378233895595
1740,171.47567362923118,-250.42064946295494
1741,163.04156443493187,-259.67827331095293
1742,162.5987847786946,-269.6906413419461
1743,168.8406588376495,-272.7610767194996
1744,170.37571038109584,-271.8724889971455
1745,165.35714026890437,-276.65502603080506
1746,174.19890916247968,-266.90533167887014
1747,183.25045145029964,-268.0854485456213
1748,179.1061365915536,-271.41063575983003
1749,169.88684127291418,-274.2914958541039
1750,170.2724215445308,-271.44761891462963
1751,167.6346370213434,-270.3490351359676
1752,168.9942934829174,-276.4528048618784
1753,171.61780059621893,-269.9532452166956
1754,170.20561874581986,-272.9153752561133
1755,179.37245816726326,-269.9016680428068
1756,183.51525617946166,-278.4088337628599
1757,180.5059056096421,-286.440842323892
1758,182.71285388432193,-281.20351854764175
1759,188.3583750786868,-277.3508927351477
1760,180.87690011755527,-286.96392421156764
1761,180.13535236265125,-289.5907557313466
1762,173.86646185261768,-289.01568941100965
1763,177.81290010001933,-283.1989402092458
1764,170.2414157926939,-291.9770185957731
1765,179.4383866074991,-298.0647194008347
1766,181.11034646819076,-287.7889809579544
1767,188.33660786309025,-280.36381211634057
1768,195.92168809581665,-287.4314075138384
1769,201.22022954260603,-296.84243448733196
1770,205.4680748578896,-301.93141057554084
1771,203.408435884854,-306.94399060809195
1772,211.31176060526565,-296.5755859191439
1773,215.2138145691835,-306.2176654083185
1774,216.46448802770408,-315.8183271954494
1775,206.10307515743625,-309.6017763623133
1776,210.84288117329885,-302.18813169524407
1777,212.51730148555905,-311.9358835593014
1778,203.7046363787101,-312.99600099151604
1779,194.78007714380544,-310.9031713467169
1780,192.56416733760398,-303.1563780002288
1781,184.9332291219874,-307.19802354128865
1782,183.32265564889747,-307.78147140236604
1783,181.45286942625148,-301.74448245612393
1784,173.42625907798137,-300.20361113447905
1785,175.34943569458764,-293.38690998530996
1786,180.43356932497014,-292.09372443976906
1787,178.16136663916927,-295.97564166535955
1788,181.69581411399847,-292.04033480839297
1789,189.2874490421271,-294.3964614237535
1790,193.48331748648442,-299.41288069066457
1791,201.54877084805534,-292.0380461178804
1792,210.88758852735853,-298.7455196370233
1793,217.72685988343898,-304.1244609434252
1794,213.23219208134617,-311.65793225036145
1795,208.75636391467876,-303.73254994768314
1796,214.13580098396983,-298.1414848728942
1797,219.2093055215964,-288.2806159801148
1798,215.45376841877308,-294.7189421851696
1799,217.46056527753242,-304.97801305220315
1800,211.58531935064607,-312.6896483126007
1801,221.2693189414834,-315.66093404242747
1802,214.9143775476022,-325.07878597102797
1803,213.816971244183,-321.4196885083109
1804,211.78732719675725,-311.96815767923783
1805,212.93519102499258,-306.65978716297565
1806,222.2844096793909,-316.11924141648996
1807,227.30445293652502,-324.934416992281
1808,233.55938343860652,-315.7243605241748
1809,241.59344261101862,-321.39438834735785
1810,235.19066652020612,-316.4661903218827
1811,232.6279600268575,-322.7679495296504
1812,235.94058729698756,-331.3814604228308
1813,231.7980110609349,-322.31379982940604
1814,230.5080810940216,-316.6535872573018
1815,237.4817658012686,-307.2657846612099
1816,231.43426574056343,-306.50907445536177
1817,226.10774784829948,-301.1701696152901
1818,224.87482262842425,-311.112483996331
1819,223.37834277429783,-302.56586838731323
1820,232.38850516387276,-312.31152778687067
1821,233.81561860412714,-317.35412049267444
1822,228.8747661563074,-318.41751287678943
1823,226.8033494360503,-319.34222972032416
1824,221.26164701563715,-309.81083086841596
1825,218.87976576822774,-313.48279318258733
1826,209.20629590780126,-318.6906193612752
1827,204.0258992534124,-319.30336487730744
1828,196.5516209918785,-309.16645097859697
1829,187.45383449861023,-302.461669264624
1830,192.45613590931757,-292.45704722072924
1831,193.97615201037513,-283.7887961401908
1832,199.92964756780697,-285.08512747641157
1833,205.33562504194845,-294.91423908817586
1834,212.705141860416,-303.97223374497776
1835,207.76272628986572,-296.13686156957607
1836,210.02301032953383,-301.0649921620169
1837,200.20359125759657,-290.74055275429555
1838,194.1876935809816,-281.08805827694385
1839,192.54400569276893,-281.34943184187364
1840,182.0517723066479,-288.08103053123637
1841,182.77856246101632,-285.12917858476936
1842,189.02642241905167,-277.4385980850912
1843,184.785692842247,-279.4789315405668
1844,194.78495476764704,-282.06556409421444
1845,185.61945710764147,-273.98943437242514
1846,182.59880685695046,-269.81532081163516
1847,181.36568250447473,-266.80842819515766
1848,174.2889890881904,-272.85104006778766
1849,163.8248436396873,-263.6681001411689
1850,162.4481989077534,-271.3602757862957
1851,154.97615315925557,-279.60824680194946
1852,145.23321642699318,-270.8583253180098
1853,154.237202272094,-263.5474259224795
1854,148.36982987605944,-264.93006884660423
1855,155.6174542492725,-272.007569679705
1856,165.9452126079527,-279.75627530736483
1857,162.786780761297,-277.70341210586594
1858,156.8810448873477,-282.3618712470256
1859,159.27280783187092,-282.07406852630345
1860,160.120742500113,-287.7343449208443
1861,150.26785118315567,-285.24544955437705
1862,157.98941662458262,-278.1581314632734
1863,156.33987254576516,-279.969344082977
1864,166.10858358459043,-281.8656943041325
1865,173.97216715103764,-287.5798004610404
1866,180.86878024711314,-278.29927001925785
1867,170.68559194742917,-270.95054126893797
1868,177.67344727174952,-272.67623892968385
1869,187.1637147554668,-271.3183190148915
1870,192.09682497678207,-261.56348336733424
1871,183.0885152950566,-266.4496651140395
1872,175.21845350986558,-273.2029441709299
1873,174.0522919148981,-274.9887804821287
1874,166.3083538658206,-265.23580556369325
1875,173.79872555753033,-259.80183376267894
1876,172.24163898925372,-260.99088447440835
1877,165.10601676757287,-266.0856746501995
1878,161.78646292009068,-258.99899866947754
1879,166.76927693842362,-261.1925942938761
1880,164.8162239014139,-265.5071972484066
1881,168.33220866258986,-255.23093153497092
1882,165.31463351659568,-261.9061865004889
1883,170.76440261982873,-259.54940810365866
1884,163.93885072891828,-252.02751140132176
1885,159.1606378312795,-244.63249122829487
1886,167.0769380373161,-246.1769547182727
1887,170.69309893032715,-249.58064783866052
1888,176.94790796336932,-247.36460822143945
1889,174.6847328755831,-244.79250489595043
1890,181.9689892930291,-243.29773415876534
1891,185.83202993934503,-242.01624930312255
1892,193.212063119398,-236.21200383763406
1893,185.36630528888287,-239.9872019596949
1894,193.19282725265876,-236.84930705049157
1895,199.50741657173285,-235.10933269482553
1896,208.07631425741354,-240.45987146019806
1897,206.1841902004077,-232.77507662670195
1898,201.51664262511233,-228.0512563111934
1899,194.44406744881792,-236.26134438443577
1900,201.4766066874706,-243.92664909474715
1901,199.462302227362,-245.76346531085053
1902,196.0356518031333,-254.90678196964274
1903,194.3012195997742,-258.78950526569105
1904,198.10431885508,-251.82739269332018
1905,193.4363065162105,-261.7345937153411
1906,184.86652295050905,-270.32325177577167
1907,195.16052041387968,-278.54606492756454
1908,200.67487839491164,-286.1582927190917
1909,192.44503362333472,-287.4767781681715
1910,186.9344562681297,-284.0342259180894
1911,188.05107224197403,-284.8175061170311
1912,189.86354886484997,-279.8831326336895
1913,196.21669973354173,-281.76838163378903
1914,189.37979547767264,-288.776887187751
1915,181.84022114621843,-297.8734264921587
1916,177.41338049451554,-302.12960690484914
1917,171.739670545956,-301.4476404007537
1918,175.2321177273728,-304.16583052542836
1919,174.65563592690475,-309.9730034720954
1920,171.6172213870134,-304.56195967167537
1921,174.79706319156048,-309.55644106711117
1922,184.44350715663094,-302.3888542312887
1923,178.07904079913664,-299.95748363785464
1924,185.05242834562955,-293.33830064871705
1925,179.90570725386445,-287.26041160320904
1926,186.66682972331535,-288.57591503890063
1927,184.19327737574494,-294.9600872688403
1928,189.74155042518015,-303.3454774115697
1929,197.78294845801733,-312.46723082889304
1930,189.621222144273,-317.3822637430821
1931,180.46449685667145,-321.48814824704294
1932,175.54976920430337,-325.01565313879286
1933,182.37379253284914,-331.2706381911207
1934,189.9028890367929,-327.1965210903338
1935,187.9691559618075,-321.6105468375616
1936,178.92723103819955,-320.17800929218345
1937,173.2230486036743,-317.3613324145567
1938,169.51898390125072,-324.1151160460184
1939,173.2892689320557,-328.52096769197266
1940,177.2009594709023,-338.2771320542166
1941,180.4905068366923,-346.31873694112807
1942,176.77804923993332,-353.38783189600395
1943,167.77329297394115,-355.9987578450205
1944,175.17442181109075,-366.01287565874696
1945,173.13644862199595,-376.0500913493211
1946,175.81433132294256,-380.34598920259475
1947,166.0660030887049,-388.9863236023323
1948,155.7521473056572,-392.1190252755665
1949,147.92759577889004,-388.24459995689
1950,140.95316633820656,-385.1443337329496
1951,142.60630699395927,-379.186396387025
1952,135.3001024255338,-385.2833468727771
1953,137.89936348908236,-382.9601816242679
1954,138.1752099548801,-377.3046452367503
1955,127.41513990624904,-372.1232311291891
1956,120.64790884465606,-362.70516977792613
1957,125.85974942152646,-355.01442237550236
1958,119.08825458409169,-364.2579166685264
1959,120.2630920339032,-365.62797354245384
1960,125.42554383177342,-371.52405456602685
1961,121.70847724933621,-380.35959363625767
1962,118.61748296214677,-373.1554757568952
1963,121.1904248764732,-363.2309825403744
1964,124.59163584668391,-367.321247221501
1965,125.81092328467369,-360.1002223617999
1966,121.05321929815915,-365.5155309694238
1967,123.85987689769888,-370.29189419012255
1968,131.1913743694954,-366.70335386807653
1969,128.22767084128614,-368.6264916449012
1970,128.26422305010541,-363.58952718353044
1971,122.49793552501086,-371.38506113413325
1972,126.8153817664951,-374.1414050374624
1973,120.90847175693018,-364.2774053931878
1974,113.19294805721186,-371.9818433561832
1975,106.4766342420722,-378.4031808837081
1976,116.04948150667947,-373.50214383478936
1977,107.651216845246,-374.0258566039724
1978,112.87293650316781,-371.07459005595496
1979,102.68197623239745,-378.0439317386263
1980,110.70954756721888,-381.65365691553416
1981,106.01176590650404,-381.04818173275504
1982,107.32181541159481,-376.06345675636646
1983,112.57740353516068,-368.304376819426
1984,110.44348610222947,-372.0484715463493
1985,116.97545113009738,-364.7395280090809
1986,111.6562407649788,-363.5897554572418
1987,116.56871590588679,-358.7001503838178
1988,113.23542453065176,-365.7788898353189
1989,118.35823960733705,-370.14697480485523
1990,121.51265745355174,-361.39066559509166
1991,113.53108277042391,-356.3779502569882
1992,117.32235704696237,-357.28362939796557
1993,124.94463526012441,-361.0801626157293
1994,131.74388015378673,-364.17173813923307
1995,135.96610225783294,-354.8543564597274
1996,145.30538483119392,-351.9488965351367
1997,154.75144524282263,-355.50483874331655
1998,162.15029950694475,-353.8229178003888
1999,160.92364062113603,-345.8056228464201
