,x,y
0,0.0,0.0
1,-0.705513226934028,0.7319589730332557
2,-0.625359517755526,1.187904854216823
3,-0.29000874181551595,1.497310783356857
4,-0.47860365599000143,1.15030632974204
5,0.4774969901266497,0.5949066639409709
6,1.1260398982472228,0.4708133833525272
7,0.5598821909543369,0.6634540393396006
8,1.0080746741366116,0.02565423302551828
9,0.03955067965759862,0.6347544649046545
10,0.32940597872629374,1.225129034042908
11,-0.03359287935633781,1.7086929221288112
12,0.617913853304629,1.9612258381963272
13,1.3848717613382213,2.4748048104250087
14,2.0608474460506923,1.6134637487825532
15,2.1818506321410105,1.6641840737613418
16,1.5606772412722498,1.0133535530398663
17,1.5732045185151144,0.8993236279057064
18,1.7823501914618567,1.2891686618259346
19,1.1638658062865894,1.94890293808661
20,1.324992859855671,2.747656799229872
21,1.076198399875922,2.653316951374221
22,1.1429988279650338,1.7074852298505938
23,1.4866640604406198,1.253267285380409
24,1.6319948309513617,1.0445863067517283
25,2.6127610453004912,1.445371751791979
26,3.6108248930758737,1.0548295951374693
27,2.674116047683286,0.06264842945227811
28,2.5941186629885467,-0.2353315038996875
29,3.4151702202401086,0.11727904933542499
30,3.2308995633532764,1.0937930615808014
31,4.031648593718803,0.9501428117498569
32,3.328183405276733,1.4574903463195115
33,3.1156057574904734,1.296505550025882
34,3.741025608566418,0.6635497027465639
35,3.8520707132151024,0.9643460485596453
36,4.24559695293536,0.505952233176316
37,4.292259208370072,0.06441871670798582
38,4.203747545486634,-0.5608968725478837
39,4.344215449728712,0.19807953893377872
40,3.6075138452603985,0.5775020002900638
41,2.765061763795389,0.693505906073827
42,3.046590484255196,1.4319043221821584
43,3.032394779610058,0.9252947324788254
44,2.9802839307557236,1.4033740615383272
45,2.07725491605497,0.5509318379128989
46,1.1142700202413893,1.3179759731465464
47,0.8815965431354402,2.3044922155822265
48,0.7614939168468323,2.60454856211599
49,1.6954292507888984,2.7965449675797234
50,1.076327509225794,3.731662712919317
51,0.8726154905388706,3.463951020224964
52,0.856682802387707,4.372716094233841
53,0.8988533257438055,4.915077587951785
54,0.4442022755750856,4.647537354613672
55,0.1502767786368686,3.7457058997581556
56,-0.11584861160100657,2.88912737445798
57,0.2365658631820624,2.7196182110521914
58,-0.2816193294517747,3.1233871747828665
59,0.2172932031506405,2.1355424166791117
60,-0.04094029023501611,2.717079473079261
61,0.3567240880784538,2.392535474261609
62,1.1305354760921125,1.7748048611445522
63,0.9191222477544774,1.6977819119432973
64,1.7537920127092645,1.9169454038396887
65,1.1582665373180854,2.39310941955119
66,1.6673847909653712,3.2545293104593074
67,1.263970262637471,3.294109834461063
68,11.38648971617548,12.819249714931962
69,11.865630061428554,13.097084687217611
70,11.908387367645313,13.781523442057042
71,11.417763203499584,13.128129153566308
72,12.128317618157249,12.139974053771786
73,11.950829195708497,12.70265041224765
74,12.632320779893137,13.152524465906266
75,11.898608110573482,12.849313926591906
76,11.369945772863149,13.724089575644506
77,10.980514527170474,13.749090617141713
78,10.07717222960377,14.481854284376492
79,11.747459811268303,16.385491882277787
80,11.358916902953649,16.7746162800273
81,11.92954843678218,15.996990517059972
82,12.357637261139793,15.614826484143437
83,12.090468193058117,16.133933511056348
84,12.843097253752996,16.500639507348875
85,8.35591972605264,12.61146391291658
86,9.114607891571959,13.320958136050727
87,8.133130923767482,12.826563285146356
88,7.741656646071496,12.304678219447185
89,7.691997699083137,11.598514492009857
90,8.444561253507265,12.3927660408419
91,9.340471544871958,12.740916127172937
92,19.017229828718293,22.245513972194196
93,19.662064088770315,21.31153475662348
94,19.220160013490037,20.80399088257798
95,18.749373900435423,20.6623280509514
96,18.12923525610137,20.8920476504034
97,21.533620971589215,17.458983021166738
98,20.910816885785486,18.019640227537902
99,20.17625848953659,17.309778378847618
100,27.73190144277539,9.03378767076109
101,27.856929059908275,9.152908790751056
102,27.144644891608635,8.602223411223294
103,27.54061641408587,8.267239425398156
104,26.991539851491535,8.83573606152202
105,27.061102018605265,9.57827378689555
106,27.09605505907755,9.033416292904603
107,26.998023179922452,9.925919281387285
108,27.289803987028588,10.537494909755743
109,27.339964437555643,9.777020723968468
110,27.88034468919765,10.32500715194679
111,27.932171657155138,9.34043918286534
112,27.681053230306667,9.573221355951132
113,27.579256318058004,9.75833530520052
114,27.417725898635837,10.66490527533347
115,26.787776228284677,10.60596206665238
116,27.49776655762786,11.189984017077853
117,27.596096331783308,12.085542148516115
118,21.42305417321291,6.220797933454172
119,22.292537731310887,6.535970234853984
120,22.355087529506335,7.4008110623322025
121,22.23904948268734,7.434892009741055
122,22.797299924180017,8.20670989408201
123,23.306204713188166,8.372010418381075
124,22.735174669997335,8.004612569410034
125,22.546290131358862,7.161772933051844
126,22.996077562636493,7.276693045991024
127,23.79072357503117,6.467600646646876
128,24.468559944721783,6.533676785642918
129,23.928228372816637,7.523471307229044
130,24.257977628067554,7.714167167076094
131,24.77512630770585,6.768775869443175
132,24.695253743630197,6.805645352993247
133,24.12561895971701,7.083768404640936
134,23.92840995516761,7.147604551804444
135,24.035118993921092,6.319475784757767
136,23.218016361613422,7.143009696908386
137,23.857987965806554,7.048636384427664
138,24.295182195356837,7.735903231072137
139,24.33335004653934,8.126322969922988
140,23.51623813202273,7.554813855223884
141,23.00684925248039,6.561808632397321
142,22.519314640208613,7.207881772123165
143,22.377363701040633,7.03094618235668
144,21.477934493669064,7.717199367873652
145,21.76058674266034,8.447746203670038
146,21.133257303554593,8.654877107408545
147,20.329288976891206,8.41496129130395
148,21.211103061005538,8.090388417970159
149,20.761646410351577,7.68550692682694
150,19.896474349431795,6.8505906987363865
151,19.766713543305492,6.901928421726406
152,20.28319285381835,7.618866306461673
153,21.071217171496826,8.282356926402866
154,21.515914445818982,7.61069345604809
155,20.63087014437428,7.831312687113401
156,20.032235820715226,7.246938328478632
157,14.140013873502626,1.808579008226526
158,13.847786976979357,2.0798174789379877
159,14.374365177589853,2.155307073656355
160,15.041098704925615,2.711984606968379
161,15.314089313422773,2.1496753836066476
162,15.422647796931056,2.319373195783066
163,15.442233245122955,2.512498381375765
164,15.626596063613459,2.9688790650742556
165,15.832398840107654,2.1993891420184086
166,15.385702699002165,2.1645399538254773
167,16.266720193274075,1.3182657948682714
168,16.861812662032307,1.5447120959968428
169,17.822854108615658,2.361934511203985
170,17.962507703123684,1.8119577585496307
171,17.43762606956934,1.0389023210198263
172,25.247644608110086,9.231026952933995
173,25.977853046009663,8.34934899989296
174,25.25006007394321,8.144888822212824
175,25.352413307311338,7.3400947172452105
176,25.53370340536615,8.075573323376563
177,26.300569706768748,7.868702282348713
178,25.89503408719429,7.892489531377271
179,25.849773431162998,8.66328853814454
180,25.289246155878367,8.69538793134455
181,24.776992567050748,9.151721023999675
182,24.63451155709672,8.588064357755677
183,24.27624521418123,8.50045595976588
184,24.584156801976285,8.615414442980754
185,25.53902964254416,8.358570764872903
186,24.770242848184512,8.86056842122634
187,25.034746664528566,9.602781124220014
188,25.882365365401483,9.572380221919275
189,25.65629854211704,9.292528132033969
190,25.05511874488189,9.351216668763259
191,25.255130750640124,9.653034158159674
192,25.541633296619704,9.7939265652115
193,24.726534862973768,9.48451573209676
194,24.972664741647158,9.975645705034184
195,24.91715327172664,9.34271725744887
196,25.494298566435322,9.768666929782707
197,25.763908445288912,9.16134189709709
198,26.663862279811326,8.225125514704875
199,26.415644823390274,9.219337172463575
200,26.997493794454073,8.61134146940206
201,27.08367389455075,9.09119262041401
202,27.40165839540382,8.811015327642497
203,28.379667185959068,9.160480873292986
204,27.93068757877288,9.52710673931135
205,28.67832395786936,10.219614859162297
206,28.867317947171742,10.86675587097173
207,28.821886022700486,11.77139726623414
208,28.47608789586542,12.498201970016728
209,28.883981305865596,12.877678548175586
210,28.377356550105084,13.49796534049408
211,27.41832027110219,14.491578863336775
212,26.62747688930693,15.168684807981487
213,26.974109869455088,14.832205100181962
214,27.591404517690364,14.541113651291681
215,27.38720241090157,14.58298279552563
216,26.389521292268338,14.416750042235245
217,26.9152647366923,15.179663722488614
218,25.929987687765074,14.281352187288334
219,26.471376475260538,15.030542881479198
220,26.249285525137157,14.815721512602728
221,25.81396087037752,14.65143640535767
222,26.80001483165089,13.983720639726704
223,26.16041170591409,14.886571396814594
224,25.910099324625737,15.308834776133528
225,25.90221587893348,15.861653172072817
226,26.620120011586273,16.360283425642148
227,26.308129843909803,17.288023071021165
228,27.257207957146463,17.109455174079873
229,26.887349826515763,16.472187384477493
230,26.55407065363122,16.350037009426597
231,25.836301786002316,15.713697526443305
232,25.795702230084313,16.43713604326756
233,24.832138555838764,15.998681768216414
234,25.649647131803363,16.128225983875318
235,26.383851912335476,16.82984353593412
236,27.028759452868698,16.96607693443982
237,27.9704391795576,16.432846008661222
238,28.05117370040945,17.04906674830355
239,28.057938263315428,16.35520534432752
240,28.715896586416644,15.461740276695023
241,29.60533911510087,14.523113606458008
242,29.189424767453257,13.771902794020336
243,28.408069337439525,13.456641966408327
244,28.205572214760124,14.294413783432985
245,28.303704054148724,14.504040207700072
246,28.018326786381596,15.04252341810324
247,28.742059610818455,14.677608708771539
248,28.731082740128908,14.215424668450305
249,28.764628173478048,14.617446773278058
250,28.99920376358857,15.183749092674965
251,29.567331294072332,16.17370620358027
252,28.71955567305201,16.570657762481382
253,28.61304859755752,16.89744593938256
254,29.15880792287901,16.554237264807632
255,28.462880727317874,17.54264691786406
256,28.446665518106908,17.480134291298487
257,28.335476486281404,17.91047737405818
258,29.05945867463009,17.013538027438116
259,28.343589225717324,17.332817117775573
260,28.376802839640966,16.336498074582767
261,28.17787957951232,16.175295957426442
262,28.22058969007004,16.529698703037504
263,28.618629267201825,17.20229228603725
264,28.668317636977203,17.079442425300993
265,29.084154062445453,17.026493539436057
266,28.388727975963928,16.22946716103144
267,29.242581804737622,16.85527983593561
268,30.22898826644467,15.950159554452293
269,30.522921461200735,15.579075643652747
270,31.269056276125685,16.06463314306983
271,30.889019147541664,16.482691226229285
272,30.904326991865407,16.14294832213892
273,30.063719130054725,15.688450887525443
274,30.89667126699859,15.396993404442494
275,30.845154182989727,15.303181329536578
276,30.92933931865063,16.171736805121515
277,31.091725839830538,15.971201840708735
278,31.56840037182931,15.320588717677417
279,31.68822577104479,15.419342823231114
280,31.227736408315067,15.235667496042222
281,31.969586255818196,16.23553627259244
282,32.61370428404895,15.833357184155792
283,32.648647376392475,15.296494498726561
284,33.47639981637036,16.00286056799163
285,32.74458905633833,15.347229351703715
286,33.4131339336885,16.29948655937366
287,33.27787261694558,16.94063840411113
288,32.72083981801161,17.76673091498255
289,31.922639621570426,17.651893085055335
290,31.133105662113962,17.756526069887226
291,31.710402922062674,17.56894976452011
292,30.839299015336337,17.833537769181593
293,29.844404463922444,18.187449185223947
294,30.75502994173531,17.254622986482538
295,30.087499526150317,18.04025269436797
296,30.538415183846784,18.81673747488319
297,31.176676800721054,19.406645991410485
298,31.57331381292104,19.64608378864916
299,31.573669982798158,19.61300552219977
300,32.41537083472102,18.91509419405913
301,32.06907229275951,18.31431718570151
302,33.02632119587429,18.728949137217942
303,34.01971576526055,18.618359271617262
304,34.448894926700675,18.93485837406477
305,33.634896275255365,19.69381104207804
306,33.56132379083518,20.514121042749192
307,32.93145174877002,20.531412876353688
308,33.173436012937714,20.798525977886747
309,33.08352604449918,20.178582049203683
310,32.159706552880365,20.04244992282946
311,31.448037843976852,19.42497254281919
312,30.784819193281606,20.167412663253046
313,31.148366118077014,19.170593824451537
314,31.100820071396544,18.900569784626956
315,33.75875707609113,21.570422652430988
316,33.13142903801563,21.60625733646038
317,33.2575795449252,21.191827198727474
318,32.47597112757147,20.529014335289077
319,31.64316878864146,20.28131543462284
320,32.189218118868276,20.023730528336657
321,31.59817127750806,19.343222512223818
322,31.629995249930516,20.15112472692744
323,39.0631127367544,27.662739314760408
324,38.79318403352214,27.22300115845866
325,38.09986742860081,27.947142007021185
326,38.64997997217974,27.255054370850836
327,38.09623109131979,27.475525463750817
328,38.149118217554026,27.97381853732604
329,37.635589411616785,27.581678633715768
330,37.40685356997924,27.101343458405598
331,38.25497967119518,27.716499665742393
332,39.18684601141866,28.346940978795235
333,33.94906297975457,33.55525269677699
334,34.68592372426003,33.11123700178021
335,33.74896109743151,32.77627558329697
336,33.58220290492338,32.5055105853733
337,39.16390548949507,26.81096439564844
338,38.478788164027094,27.630457226448605
339,38.63950235176343,27.10847701708832
340,39.33884315596608,26.45161442017269
341,38.8012281890037,26.478702428186995
342,39.386121221599524,27.206402681018655
343,39.93666554134948,27.826134242660757
344,39.62639276445501,28.050934671198483
345,39.016691078469925,28.7024899655538
346,39.52250405852924,29.14729403526085
347,38.58184765137128,29.859918412525037
348,38.90430627817161,28.917049340520457
349,39.59421402191196,28.796823715241228
350,40.437982020197474,29.026183960505055
351,39.67381569901378,30.011887262213918
352,39.12200715677362,30.263293745844557
353,38.95376409156845,29.92458113275585
354,38.99444126770623,29.909134972125823
355,39.51336076729628,29.04679753107423
356,40.28143552364976,28.138940006532902
357,39.35062332895846,28.005692915498695
358,40.14643780523623,27.728955841536408
359,41.08635254950926,26.785793439898235
360,40.171313653316936,26.14693776387343
361,41.10653936196622,26.5374402988034
362,47.489480298991374,32.720268599841944
363,41.92330538309348,39.0849225770886
364,41.09265964597822,38.69654003096614
365,40.202222297015794,39.64852597003937
366,39.91614829978051,39.76219181501316
367,39.745659263628355,39.49250780229416
368,38.99523365690294,38.865414601600776
369,39.88699573184177,37.96099597781904
370,40.13021892680751,37.803267516616394
371,39.21230075046118,37.80542232248488
372,38.309666230407124,38.54534133008191
373,37.810720230802566,37.78453255534927
374,38.73011055792144,38.67988126141091
375,39.49800404877884,39.292706072055665
376,40.4167570010149,39.08535714749652
377,41.013362354494035,38.855452923279685
378,40.3446379658232,39.284879791262384
379,40.89422939875993,39.60500865125127
380,41.73487955520611,38.87929690823219
381,42.478751133142694,38.34493586715899
382,42.272128255947216,38.16203357008391
383,42.41427111327503,38.53649887254426
384,42.76421883299546,38.13131224837089
385,43.20753152927235,38.74969735463328
386,42.5839910497334,38.51511177553937
387,42.06510611372439,39.24185872663409
388,42.56634887353802,40.21730071759862
389,41.59608959460176,40.537395389149445
390,42.12666605850215,39.54657074189131
391,41.2458134562132,39.89386317424409
392,42.044861486821574,40.32780642824702
393,41.44893729250051,40.30662656931574
394,40.773246225108615,40.70252328603457
395,41.056336015280586,40.360292760151694
396,41.64581247664093,40.04520100945171
397,41.5957044954672,40.52980461808966
398,41.96165554426127,40.71112346950322
399,42.47418139231439,41.32743578075485
400,41.8094035163491,42.00866085352709
401,42.62311858679223,41.093999920961124
402,43.4521113279742,40.143387017408465
403,42.52250144082687,40.77271637838957
404,42.68915010017439,41.593880448168655
405,43.0938169968835,41.224325280031
406,43.34689022815344,41.70652812828477
407,44.10366117465822,41.0018033684304
408,43.27259819651782,41.05840051129869
409,42.59198104092583,41.31756579519729
410,41.64224059346423,41.67393192812648
411,41.40566148745459,42.06909041019037
412,41.99202298324097,41.26370224034693
413,41.54427425985581,42.18063505902437
414,40.60972456696479,42.87470929411077
415,40.35224392351974,42.14433086397985
416,39.454122753033516,41.23365887117591
417,39.490672474276195,41.76113839012562
418,39.979181127190614,42.41461520970832
419,40.59211669349476,42.049866163231044
420,41.213201727097385,42.37301812821129
421,42.076899930210026,41.43371740223047
422,42.86989176439753,42.20873438351993
423,42.094681912603214,41.249929309472634
424,42.378015111514664,40.76546942169648
425,41.57366721868515,41.0360045804154
426,41.612029172006885,41.661000004993646
427,41.08798135990776,40.7205116880819
428,40.86017272651314,39.780468222818094
429,41.060933231885365,40.08615442413742
430,40.78539641393513,40.335204119685834
431,41.656510580165964,40.676807167492775
432,41.32371499473422,40.4594593246795
433,42.27904391747194,40.89384655455904
434,42.66059089648664,41.887724907572974
435,43.31102422160952,42.331904390586004
436,43.97266277283798,41.62349800247268
437,43.853788491439616,42.25856471223619
438,42.956334881987985,42.13665097765415
439,43.57626984563902,42.36924570206861
440,43.25217031096981,42.30972700664149
441,42.89991172201515,42.58564361690243
442,52.3247730291403,51.73502696079543
443,51.85558285118302,51.006350981867605
444,51.35172799628766,50.62858914648868
445,51.535774761934796,50.59032651125962
446,52.2666668654996,50.63201059084136
447,51.82227921618355,51.344752776968406
448,52.08883026496953,51.30422501186447
449,52.99150648886231,50.351114131689684
450,52.099277925341596,49.46014026334807
451,51.65358864588471,49.42119376979308
452,51.74512732245968,49.53046233642164
453,51.651249718284625,48.768148383601186
454,50.813951702025605,48.43947490709345
455,51.04658527075487,49.435962947311886
456,50.42021978230416,50.193725210725425
457,49.75427551386415,51.1166679902556
458,49.73226840160787,51.08547921289438
459,48.87776252830094,50.34984176304892
460,48.7268170990624,50.95989433811143
461,48.28619105359979,51.49631136701751
462,49.09756244059877,51.24880918673682
463,49.83796417785209,52.169293484116466
464,49.98027275044103,51.73021156676243
465,50.07549960004848,51.91938425994786
466,49.71450687522919,52.91012178699119
467,50.26332223882972,52.21645768071833
468,49.477320582644516,52.06409949971214
469,49.25314383073349,51.801242558429415
470,50.07844297494584,52.29230343463523
471,50.25063552173835,51.87237481120975
472,50.71615349759239,52.366754602400746
473,50.893422469786785,52.191649859706715
474,51.02995775243593,53.16549064946094
475,50.361203508750116,52.741656976774216
476,50.96347943695431,52.06964039987587
477,50.75323747603202,51.393679093267004
478,51.055737442370535,52.24917786569698
479,51.87638492257169,51.971618700517205
480,45.72846106979069,58.40310211919396
481,46.09591601052203,57.61998344558961
482,46.26341190731104,56.987275844830336
483,47.152241591912706,56.83994834448958
484,46.9923791438334,56.42064732459517
485,46.96585795108375,56.593712394063324
486,47.60118139670472,56.249416922828374
487,47.34139350780853,56.10867614547111
488,48.131343434428345,55.63037700748579
489,47.884586598402215,56.61891826931857
490,47.08469960257824,55.97518924467383
491,46.559805412762735,56.73346303879462
492,46.485512816622794,55.94253353780164
493,47.2492483145276,55.593043397772725
494,46.34157251801601,56.44929749765149
495,45.837755253001944,56.89548171887109
496,46.02022963628032,56.20823292651057
497,45.39391298949758,55.520527385917546
498,45.89704718152803,54.82536434137876
499,46.28082371252185,53.95187831964153
500,45.558266672503635,54.255136636548734
501,44.90203646767646,55.21384609072155
502,45.00126834596914,55.33177703784337
503,44.64404413739222,55.15937059627369
504,45.064075185836465,54.91761705457708
505,44.78743243770561,54.43508521714185
506,45.31802835987968,54.82603702474987
507,46.01125446206292,55.408076926933326
508,46.48491114961425,54.55135576147162
509,45.56826442805982,55.1670720894177
510,35.91698543768044,64.83154665530297
511,35.21954062001629,64.17845781145299
512,35.46804127509182,63.557612762813214
513,35.9295526042764,63.59744278381014
514,35.06566349846772,62.90733605926471
515,36.015897393022826,62.72817086535177
516,29.260465790875138,69.77940931788778
517,28.6564950398619,70.43004818996262
518,27.718333513962158,71.41992763697823
519,27.220666935256553,71.258425219993
520,28.03055063853987,70.72502445190104
521,26.308211368519526,72.90110888594725
522,26.322592211673346,73.69892975018996
523,25.997295359084703,72.93514167759243
524,25.6496548339694,73.07584605986887
525,24.75157634280168,72.30142441014202
526,24.962853244794932,71.6319391808878
527,25.51515000873258,71.00890930825797
528,26.475451809321854,71.17605428600092
529,25.864976034086357,72.07152683219284
530,26.584915372131622,72.38651143443903
531,27.350184485285364,72.76836322023131
532,28.07159049470462,73.40792963073143
533,27.09408506787546,73.95095667756279
534,26.786550390372213,73.12695714562429
535,26.35877648069952,74.0554935737406
536,27.05219625990157,75.01126876923341
537,26.723148111160317,75.16538021904411
538,26.907600798531305,75.04019419966191
539,26.012527646078716,74.60873298774027
540,26.05134099020665,73.92939242165154
541,25.97223933789,73.27635298358223
542,26.805045295452558,73.33590542556563
543,26.398372097973827,73.99450867237711
544,16.750257340299218,83.33103324108149
545,17.10202580176597,84.18647134153612
546,17.233147610361534,83.73592138337554
547,16.926362018423372,84.0771210400104
548,16.946788271054054,84.18360745546885
549,16.663872006467344,84.47329118424014
550,17.025415237471535,83.6945261266512
551,16.0882572219454,84.08461281893005
552,15.485258735850975,84.9236495679367
553,14.912868649251429,84.13938495046999
554,15.79992139723408,84.57857717151701
555,16.636252169378587,85.46967734566309
556,16.578835219144565,84.94209715825005
557,15.617953211762215,84.74767369317034
558,15.648554990978345,85.43029250199271
559,14.687332581322615,84.51439153967675
560,14.442163934424833,84.61183551806819
561,13.652148964448292,85.47570909033882
562,13.211686539133428,84.96463856587032
563,12.550780172260902,84.57706406987386
564,12.069939465465085,84.54872793063191
565,11.161197616296496,84.6228098258887
566,11.583827305743691,83.99457616093265
567,12.470640075051515,83.08477375053678
568,13.411025160818065,82.71192291008302
569,13.094424887807627,82.33659141393545
570,12.695487506482857,82.86580561406232
571,13.141850145213004,82.2422841673175
572,14.077260618077593,82.04635256834706
573,16.38814311196584,84.05188300533833
574,16.58707375468643,84.7250949515542
575,15.708011198897024,84.84454920288081
576,16.43890670436448,85.03547888593064
577,15.8964554732397,85.02432626896083
578,15.02574621017768,84.96188234535101
579,14.937911019970691,84.5853434145509
580,14.38929869143379,83.6783635797818
581,14.747105968848082,84.2484266573326
582,14.24824134121852,84.90614991792769
583,13.634744831258171,85.75936547479002
584,14.292166840940535,85.65184327621478
585,13.831361083004252,84.67413181366418
586,13.739354003846215,84.29670462437268
587,14.688312470349409,84.19603046919387
588,13.41005785060558,85.99469949798075
589,13.639604218018187,85.19514720396306
590,13.39675827230848,84.33318147104845
591,14.073082900124007,85.00650941133237
592,13.181454559407083,85.54617903882361
593,12.924361976834309,84.94777010950686
594,13.269490844058497,84.85082136888907
595,12.763978918247957,83.94372429454836
596,12.266136016847842,84.6058253992312
597,13.782679667141574,83.78628833629288
598,13.394390541663771,84.07523964407439
599,13.622046750821642,84.99434224585976
600,14.011885751957427,85.6058022468614
601,14.926253576841379,85.92661391410722
602,14.418301901525943,84.99571534153915
603,14.815612725030224,83.95775493989841
604,14.687067116481236,84.60776966381175
605,15.412658892125544,84.60113642389031
606,15.641150544013934,84.65410667562402
607,15.558405904188549,85.42597675636999
608,14.682563584661763,85.38526672695515
609,14.551979633936943,84.84857565464934
610,14.202862888263118,84.81261198169128
611,14.68464931734923,84.00453103692496
612,14.137093899327802,84.3229172455564
613,14.86186827504217,83.51608478362316
614,15.241175513099368,83.5471825060611
615,15.784686204754685,83.94100965937226
616,15.320079554635297,83.93833218465083
617,15.647349144051004,84.64915196381699
618,15.476540463604888,83.76111364021298
619,15.007664350607813,82.90328762048472
620,14.385552356348823,82.57640670584841
621,14.74682842200561,83.29854447927069
622,15.29552797282012,84.23274702468282
623,15.678674212369492,83.9891010599027
624,16.64750129445292,84.78904040387211
625,15.932002707231526,84.14038864192096
626,15.260053935309378,83.94581942189733
627,15.42600820771316,83.6374368713649
628,15.732893025953324,82.96734660968463
629,14.761556644681809,82.55342353010438
630,14.046976699502792,82.18370767213318
631,13.408716871912194,81.3268908276034
632,13.33480000446869,80.92432764859446
633,12.590532494329,81.29940684686272
634,12.041454878672203,80.92633356152056
635,11.154080096332857,80.88425762521379
636,11.365859214855293,81.71829225122559
637,12.216096363940578,81.98339971524742
638,12.321241965408605,81.08167833276083
639,11.768614313970751,80.62437387329815
640,12.249385892885295,80.46253799533457
641,12.472081572787179,81.12222468298673
642,11.794637544261233,80.14888155055722
643,12.356373605811745,79.27702224580428
644,11.617915817153811,79.07675739227635
645,10.821548699138278,78.54886763136948
646,11.710330515008637,79.51673221119798
647,12.363170820910577,79.49560809735733
648,12.63441400637743,78.93588634296003
649,12.751754098905058,78.431295640367
650,12.113517737530817,77.59329043292996
651,16.8676958858166,73.56488086432111
652,17.339498219523296,73.09405965289292
653,18.09791405882304,72.44840311804484
654,18.232253030836585,72.39996677237826
655,18.910954497651723,72.93170947532782
656,19.37864965704314,73.51797980744894
657,19.820755051774363,73.37287277360309
658,20.659595505876617,72.54117782124807
659,20.888342027354927,72.89400532126798
660,21.82596182757667,72.03992191217176
661,22.4956372423326,72.13863761313354
662,22.159408477137685,72.32003864204995
663,21.383993759485627,72.37622898842386
664,21.175615193291662,73.12424526881816
665,21.882261492398342,73.3328797056739
666,22.289020756740403,73.65255213404747
667,22.563010928927863,72.69416795436675
668,21.659065641380543,72.38524418941371
669,21.534734517039347,72.94743826761047
670,20.7862449507248,73.61178632443749
671,21.567306319839634,74.17194199803004
672,21.343178037537296,73.82286264725057
673,20.563796284382935,73.16494199093314
674,16.105372124335478,68.33888018975216
675,15.681010347915022,67.57915632412019
676,16.19560285841976,67.69271458014765
677,16.613194333310926,67.93307872667953
678,17.394869999833396,67.17697614402572
679,8.686266039758202,58.645275646268495
680,9.505824401912545,57.96242059341612
681,15.486741197098569,63.91924564678296
682,15.607305734202795,63.2127761866313
683,16.500591010680814,62.63059949744542
684,17.29272804337271,62.35374959033041
685,16.46252607738786,61.86896992599531
686,17.275979594645754,62.009901384096814
687,17.05052372821885,61.766170747787505
688,16.71284032534249,61.03959791121799
689,16.20073982116177,60.88702028370592
690,16.689079838774873,60.63393365640905
691,17.445243924337145,60.932971565818924
692,16.709383078756996,61.4686561225693
693,17.106344496098547,60.47396627204085
694,17.10244305038119,60.166219149379025
695,17.364211866582558,59.608589192874234
696,17.36038170278043,60.34207750881124
697,17.377172490994166,59.39269311802954
698,16.597998897283947,59.201852284838886
699,15.992060093703417,58.493252243637286
700,25.09410524732349,67.92562556624806
701,25.585823082747183,68.10992114576814
702,26.172349699742938,68.00360251957667
703,25.27497329894544,68.42900628283309
704,25.48668404675201,68.91969983940827
705,26.00288339005178,68.45884017565696
706,25.752850280046772,69.29645671236621
707,25.138858046161403,69.00049071187986
708,26.134115322103916,68.35840093457284
709,25.903993004528164,68.21712351000717
710,26.019767711913776,68.15581929894559
711,26.45433787729012,69.11857341064287
712,27.155594606587258,70.1131502969772
713,27.39828329121668,69.11885904726601
714,26.944470967772777,69.3812400788611
715,27.259856021057868,68.5355307230116
716,27.808442360847465,68.48777480587913
717,27.553957516674657,68.72925651996708
718,28.38677941357158,68.81684965208257
719,29.253392883821896,68.5966868991246
720,29.536391489564753,69.2407727277019
721,30.46392540130263,68.25222674125004
722,29.613363314074675,69.16444219745122
723,29.511464429187992,69.6467701600064
724,29.28833335125389,70.42708016441034
725,29.578390604500573,70.63110042561638
726,28.93356347626961,70.36759729070812
727,29.663646992058922,69.37964900815642
728,28.68237225909657,69.54916718811626
729,28.40564993547125,70.43528813841394
730,28.53003747901873,70.10072080967208
731,27.896374741947906,69.97772600618873
732,27.78482641708322,70.05708404516108
733,27.59458922710972,70.58681671118237
734,27.272816264098125,70.51627554771534
735,26.413727738527296,70.26663555868676
736,26.255544135451032,70.47567199209671
737,27.129882346664463,71.34169341040277
738,27.813904201640085,71.78410059648367
739,28.330145408994365,71.82231960108929
740,28.258516338043275,72.32900558375447
741,27.945367699803015,71.56116989077115
742,27.691482219096166,71.36895812231543
743,26.818905648082154,71.17618674802793
744,17.23695985627157,61.77247834687967
745,16.354569675388454,62.117033044116816
746,16.95692407079931,61.93709337406854
747,16.458690312526034,62.46678873934272
748,15.784082076779496,62.131746309598086
749,14.943072259139502,62.40865044072342
750,14.86659176429836,63.17618417202551
751,15.185381506199628,62.87661751934254
752,16.009448590870246,63.29974310431227
753,15.963231762580534,63.471632938398145
754,15.79608923498991,62.492517058701026
755,15.580940874761124,62.42322585331355
756,15.282957224410586,62.704877608249554
757,14.77050746791752,62.69093877683491
758,13.897155779297522,62.61838594150058
759,13.08955242572297,62.165874886444605
760,13.89346696513282,63.12777491887856
761,19.922556569243778,57.556151842915796
762,20.466827283511275,58.09745869808003
763,21.308597548184945,58.11893896966544
764,22.04277489014792,58.74585411142627
765,22.265730676029207,58.16493339013892
766,22.265057827734967,57.26877504522691
767,21.971683576938183,57.51825543016862
768,21.179218919775884,58.26513554963631
769,20.776388066231277,59.073735287521075
770,20.013810162306825,59.34819565641465
771,20.004698835614494,59.92815247977112
772,19.69508070596001,60.204330377776344
773,20.267709943609663,60.00444624003426
774,19.598635491829572,59.64119868608405
775,19.968772011202752,59.18995121686074
776,19.101893314343627,59.17809700323112
777,19.506088201277525,59.08981493052381
778,19.602063266404123,59.20143404193546
779,26.963704654437027,67.28463795685876
780,27.856288617940347,67.45380908791532
781,28.829065608344827,68.24271870917569
782,29.148863328797688,69.21127084528578
783,29.203171553485944,68.77020279638718
784,28.687376363571836,68.28906358435641
785,28.54410461493206,68.0953456227248
786,28.884422141747326,68.70554905940298
787,29.1449283541222,69.0510306135202
788,30.027161170085424,68.86904358308645
789,29.689786837806768,68.26683670008032
790,29.289376289028336,68.30870955008197
791,29.81436977844131,68.69865784965884
792,28.90169193252966,69.34896117803386
793,28.081316053091804,70.34572209080281
794,27.454968904900753,69.41137047336075
795,27.24339887438079,68.99154567233846
796,27.51808164200303,68.36203404488914
797,27.604925847346912,67.58404318244665
798,27.595571700504312,66.86956227060378
799,26.723840336155508,65.99460308216652
800,26.09663959308686,66.46828332037387
801,25.449261775680124,65.72378619878926
802,24.68754202988723,66.26179507206028
803,25.2104279894252,66.17803856713024
804,25.733314201884408,66.41997425096059
805,26.577322615794646,65.63681487955071
806,26.944400046219215,66.21268289944597
807,27.749309651405827,66.33803381876092
808,28.69386284619068,67.16909051591351
809,29.58932366540496,67.0239966800406
810,30.258704232434805,67.86151335707824
811,30.480397774454573,67.30410200913381
812,29.50422815339041,67.64560890024386
813,28.53920849531441,68.05988546336208
814,31.60015613995502,71.14607325869872
815,32.09725889094535,70.99372685310378
816,31.440087984600215,70.54462906777411
817,32.08145382586334,69.87204169144206
818,32.05813866164949,69.92407853928928
819,31.662053956415626,69.20159561170468
820,31.975690338974868,68.95172298907444
821,31.937069852625893,68.79869488104602
822,31.876419874578104,68.62771910706329
823,31.630290931316786,69.40088377486687
824,32.02607064090995,69.23997891814068
825,22.300358246856234,78.58642182601767
826,20.145443186303496,76.31927160297931
827,10.467229575232025,66.28280978422083
828,17.45040613394472,74.0095580579065
829,18.21634372849865,73.59061901738546
830,19.179309966927242,73.84434026481568
831,18.747151941146207,74.71141074340527
832,18.89428889406224,75.06404124005523
833,18.183655659958056,75.46259980919088
834,18.31681171256803,75.45695772491361
835,18.887610214915934,76.45446138505075
836,18.568163117036526,77.05069251264668
837,18.818745903549704,76.30693957978909
838,18.992665403441475,75.64429426024036
839,18.832840361382104,76.14439462600212
840,18.471860824357933,76.65202944572052
841,19.444739513074854,76.6546663651876
842,18.166961945557183,78.33792671836441
843,12.243192360311237,72.37323289735413
844,12.735888263467816,73.01601604200863
845,13.040346738001775,72.13261290172719
846,12.077508920796594,72.27093720126916
847,11.908520861279646,72.46900297019378
848,12.081416656901293,72.00913579870523
849,11.520693407380577,72.25737058256925
850,11.172680298947002,72.01253214578203
851,10.466723596307183,72.83495519098742
852,10.212102592842058,73.09646119709092
853,9.855084972422203,73.61661240802235
854,10.397216557259835,74.34488878588428
855,11.049921161686482,74.59120066134182
856,11.160431870640064,74.1584094067068
857,11.678910131489845,73.62198896678764
858,10.888826910101283,74.23360653449478
859,9.930658033417636,74.4615108550005
860,10.702399282726576,74.79743601448726
861,10.105969228739163,74.11127347717498
862,11.070543601215874,74.32821374304875
863,10.686465207675928,74.55861188274281
864,11.648564042788667,74.10289955554492
865,12.357406702883221,74.62682537052711
866,12.394508128871006,75.14344738907366
867,12.28659672535521,75.55046318499927
868,12.595727833602226,75.58057605841978
869,12.912277463118311,75.6555558551509
870,13.681632612055639,75.3610710005863
871,14.234242176865108,75.04059812921832
872,14.627353752798681,75.62302884023654
873,15.26565555400353,76.54457585050453
874,15.470998683798207,75.87888349571291
875,15.062105169554291,75.13634769404982
876,15.734910851253149,76.03043374333706
877,16.550175808942857,76.50722773791651
878,17.447176331019598,76.19665044542164
879,16.625151531325994,75.98356042514277
880,17.378913483291377,76.04992126097865
881,17.289009346356465,76.20834914912858
882,16.55391397298087,76.6450879411032
883,16.290197415258007,76.80620836878845
884,16.98285947307766,76.80356168021677
885,17.28706999955845,76.65125365772141
886,16.507330413580416,76.15480321200057
887,15.835257825649403,76.37366727211207
888,15.260197881173406,77.22808801126162
889,15.664961680544417,78.08312078223382
890,15.394489214337614,78.75203985100144
891,15.040862702056216,78.27238094427689
892,14.357286471081597,77.75897997753209
893,13.35795408189728,78.21946680216057
894,12.780594169503651,77.37537407166111
895,4.277593309182374,69.32925102196313
896,4.503575744946737,68.84187447724986
897,3.8168950495036356,68.51944742278059
898,4.782603239442159,69.20152662530258
899,1.8540164601830416,72.23347652184592
900,1.9155490874764696,72.19861748379745
901,2.421557832277614,71.80251395625768
902,2.408388238705535,71.8768465751505
903,2.643689269854895,71.70768237092923
904,2.2926560886252774,72.13410902647767
905,2.019597220319339,72.79953646589678
906,1.4559211765896305,72.9856316650505
907,0.5019496492034422,73.5325820153259
908,0.9635335954981348,72.6480977216893
909,0.005299890825911979,73.3824946147562
910,0.11101008401904189,72.74472426751498
911,0.6299495738749497,73.00358116059864
912,1.5992093839997492,73.4382404866368
913,0.7890345856717551,72.84029825509386
914,1.302054118986685,72.0859746124452
915,0.9885505731284872,72.96715007574821
916,1.8215304318639223,73.36906294620381
917,1.1829736998334113,72.74542386605937
918,0.28476766932027275,73.07734249281279
919,-0.5740091006517937,72.11922302115148
920,0.2254577125749685,72.8360202976462
921,0.5510426010482533,72.56112686270197
922,-0.23901007257482543,72.36601020370682
923,-1.0712941804668374,71.54575594388415
924,-1.2943489055665665,72.04983115260401
925,-1.2479490835359985,71.13206975917701
926,-0.7423673359845453,71.2332520370948
927,-1.4342656213705416,70.98627290958778
928,-0.9063648867682935,71.70661895140512
929,-0.8225530302888666,72.01907169045248
930,-1.2064417884616845,71.19923900099653
931,-8.077063469516524,77.45695237203527
932,-8.477463355808121,76.74152339715336
933,-9.305256800880663,76.33454380500457
934,-9.173911110335911,76.93787349643797
935,-8.752994508459262,76.27605794583914
936,-8.55118599087289,76.28467424301401
937,-9.376886146002525,75.74372203519728
938,-10.077483453227382,75.69070467426032
939,-10.84982069409463,75.46206074476558
940,-10.957534035085752,76.02491590459258
941,-10.872016245181202,76.75157609240308
942,-10.956066414933835,76.73032711930803
943,-10.569173456491304,76.50856506270001
944,-9.73511076392832,77.02008643537621
945,-10.59936611784556,77.01592778720101
946,-11.576716679523813,76.326937888814
947,-12.515897085615851,75.97999643052422
948,-13.50420492521483,75.0612724484773
949,-14.124119210594818,75.59541546434404
950,-13.68456046765176,74.95793590509665
951,-13.99272382762089,74.94696158973456
952,-14.647206479652581,75.90918326748648
953,-14.612279225148688,75.89411840885685
954,-14.319253188234589,75.45581955196334
955,-13.983841930140638,74.63817152813657
956,-14.767655219695849,74.268123566752
957,-14.037722539740509,73.34026851130945
958,-13.551677455954461,72.60239311572809
959,-14.538364386975747,72.36197101141066
960,-14.453005372565176,71.89675324501692
961,-13.691726131731247,71.82126831801119
962,-20.387980697841897,78.73802720305895
963,-19.565010798293002,78.8537125219679
964,-20.050887429405616,79.81013595427478
965,-20.083626215439736,80.2691403418876
966,-20.102260806857164,80.57682805213122
967,-10.228880806741294,70.97178429268747
968,-11.048181418640374,71.13832389386903
969,-10.761422900109299,71.16829888110226
970,-10.259462471903857,71.66396505748625
971,-14.078721678199932,75.1607131786667
972,-13.28590191790673,74.23100234876324
973,-13.939175749844594,75.00473650083957
974,-14.078088685279802,74.70757272151887
975,-13.300958306662272,75.46628221683929
976,-12.851687634332933,75.5264201624333
977,-12.218618890634422,75.56916776593235
978,-12.932165975602098,74.73550172464651
979,-12.0667548719154,75.66444226796719
980,-12.681807028192667,75.43030037910633
981,-12.420269894289733,75.54882164744767
982,-11.519641391680619,74.93370519399262
983,-12.216891239537615,75.586631933086
984,-11.244081748793793,75.19070059995062
985,-12.157410595781945,76.0218428307856
986,-11.198479472114714,75.68487987816894
987,-18.706470138483603,67.79599297412125
988,-18.264199846638192,67.58739450883996
989,-18.25191085955706,68.0032551773015
990,-18.10218961251956,68.27019074444203
991,-18.364336692205576,68.84991198118003
992,-18.025667081217023,69.19261736423334
993,-18.372040319708205,69.81431066133061
994,-19.255645237160458,70.09025305435983
995,-20.078244316452324,69.90777899806594
996,-20.21360406075234,70.5750163444257
997,-20.73465427903634,70.76238445403513
998,-19.78073663811338,71.27733360978989
999,-18.86105202245737,71.42893225349324
1000,-18.722630381841324,71.20108485880512
1001,-19.356618852476082,71.04187837633692
1002,-19.18201722192435,71.49445688878376
1003,-18.466509675266483,71.72588320853839
1004,-19.461845059226448,72.0284808010587
1005,-19.597672287761192,71.7467289839651
1006,-20.17478867544499,71.5553497770201
1007,-19.539739190367598,72.46492497625681
1008,-19.404531828301156,72.10962639456753
1009,-18.832230208703802,71.14395600832182
1010,-18.975615780351042,71.90373878838531
1011,-18.28605089600219,72.58991708486222
1012,-17.872706526572625,72.86475372121411
1013,-18.16737973202254,72.23613150141325
1014,-18.739684430622635,72.91220297813861
1015,-9.216733870233854,64.26636626889659
1016,-8.33346037418297,64.14471155748024
1017,-7.577918417297756,63.67793365916103
1018,-7.155998537823656,62.68022474956643
1019,-8.01656517554635,63.59146262866735
1020,-7.299740791231017,64.3592923426981
1021,-7.7286098961477885,64.48879433161372
1022,-7.606545732844603,64.46780650128811
1023,-7.6672514482104805,65.10699876961878
1024,-8.40275504136966,65.56987979489539
1025,-7.549726531423743,65.5325124373376
1026,-7.914095144145406,65.85990958833969
1027,-7.327314187446719,65.39635284372905
1028,-6.935201903630899,65.04645293945022
1029,-7.1725073478738475,64.31675537273034
1030,-7.916518744686572,64.92479376529568
1031,-7.696073730004034,64.61416091825018
1032,-7.42000292680776,65.01558514909458
1033,-8.029421405442662,65.75442970241716
1034,-7.766423935615739,66.29833967326192
1035,-7.136615764398485,66.83683930243855
1036,-7.3408911675305974,66.28987544777037
1037,-6.645678337014923,65.99194249164161
1038,-6.083873499211261,65.23222331737617
1039,-6.047594378627444,65.67634639214806
1040,-6.659306900363174,65.77104851791806
1041,-6.147386709786687,65.05839973166525
1042,-5.790700223097495,65.5578313651901
1043,-6.441127890977052,65.40713710839069
1044,-5.947927589588408,64.4970486105055
1045,-6.4098085961532885,64.12188991914591
1046,-6.053559052179963,63.68268768185141
1047,-5.079191216339193,63.12354724255685
1048,-4.380083532670589,62.66242996064892
1049,-3.3983325832012117,62.3161082031388
1050,-3.2645173438885067,62.30455303178857
1051,-3.215914752106398,63.107528615620524
1052,-3.7510345579626314,62.663722710805345
1053,-2.9153721562348185,63.276465014943085
1054,-3.756419211785147,63.963655140839535
1055,-3.435749445451782,63.108216566363865
1056,-4.390325303483769,63.981411198888985
1057,-4.05726765276787,64.40813559912868
1058,-4.402686370647075,63.761920779671065
1059,-4.086020094977085,64.62465749357148
1060,-3.6071405450770544,65.2156921398795
1061,-3.5593161154927886,65.97851909843594
1062,-2.7348007168757325,65.7266800435666
1063,-3.4327929411398785,66.44176605893611
1064,-3.781964989166578,65.9651746912983
1065,-3.362678759658722,66.25582389579627
1066,-3.2348273636471947,65.27285491966849
1067,-3.887359589122533,65.40269484248536
1068,-3.2950352361890984,65.43360271196137
1069,-4.260639556030467,64.82017387556887
1070,-4.274882682980572,64.57587215156028
1071,-3.320288987147861,64.5009924229218
1072,-3.300408073833128,63.9437678093566
1073,-4.231750424037023,64.09779212883751
1074,-6.498159236513926,62.06944594324938
1075,-5.72164496082403,61.62373769882054
1076,-5.087711465261768,62.454663244381436
1077,-5.940346042123098,62.23219050642656
1078,-6.546975479230021,63.09259133405607
1079,-6.047230401772813,63.067727495234244
1080,-5.933523144160183,63.989926252901334
1081,-5.301968991977743,64.33710875833056
1082,-5.65056913162339,64.20701005594397
1083,-3.3003934857764063,61.37822953435328
1084,-4.017463944132563,61.210142752759666
1085,-3.0918731824212493,61.28345106199928
1086,-3.385002923391339,61.31104782538822
1087,-4.101290487202564,61.98884581530163
1088,-3.253835649445183,61.63125538024138
1089,-3.8134709503053523,61.34920506925143
1090,-3.3984580416411148,60.454580114542864
1091,-3.769704047710154,59.54962868196233
1092,-4.5282507732794155,59.88126563306706
1093,-4.7237977736085766,59.80624874497673
1094,-5.59389399852896,59.13454546545559
1095,-4.687844983768376,59.03526905398968
1096,-5.270814675578865,59.220012490273646
1097,1.3888337769592116,65.3006608251083
1098,0.7585952482346098,65.471874383322
1099,-8.142528038714714,56.67381317534058
1100,-9.101656722300683,56.105772137604944
1101,-10.054786375978495,56.009833436915706
1102,-9.127334653776025,55.60167369732607
1103,-9.499649999477048,55.6625217127258
1104,-9.283423210436705,55.918683196896154
1105,-9.671830954092417,56.11749410006375
1106,-9.763229919117657,56.66208896829111
1107,-9.57321323162228,57.05082997863331
1108,-9.491313028180839,57.34711825377539
1109,-9.080658276003557,57.447066331463205
1110,-8.36088982076584,57.8328499645689
1111,-8.53248368918744,58.540863413489674
1112,-8.839799884257419,58.589287648685136
1113,-8.599525569049511,57.98825125133908
1114,-9.21822078586221,57.5619964742284
1115,-8.96180011266257,57.123272612645664
1116,-8.654495769633568,57.57753535044631
1117,-8.49742584728227,57.140375306158134
1118,-9.434029215842575,58.10675492503732
1119,-9.883917099493306,58.89692922293706
1120,-9.796646266752763,58.673875534543775
1121,-9.398452888704332,58.41690569087638
1122,-19.343330203729096,48.590411739013206
1123,-19.324022231645277,48.12111258339798
1124,-20.189748288013803,48.01263321323567
1125,-19.51451989760831,47.41015695235429
1126,-20.498534752345048,46.93510386323981
1127,-21.213712037030042,47.23824719479295
1128,-20.26693592204513,48.02375669386447
1129,-20.884712022358393,47.22478787696419
1130,-20.528599746643735,47.06227478741566
1131,-19.926860566527235,47.11251807521145
1132,-20.110124605599484,46.472821367823755
1133,-19.72515570719042,46.77023724532772
1134,-20.697487165952804,46.24955831241968
1135,-20.772793316192192,46.432836646070115
1136,-21.002405827594103,45.81611806515235
1137,-20.225781683149386,45.50964096460761
1138,-19.792522649395995,46.190888959877455
1139,-19.92972167526907,46.207163933236124
1140,-20.554082205014904,45.46639802953157
1141,-19.979711139144776,46.0361313543491
1142,-19.78656614927105,46.17974342474116
1143,-19.63608664636603,46.039516967390504
1144,-18.654885795305848,46.77957026183121
1145,-19.566041406755264,46.956108775048655
1146,-19.12506785202032,46.897724215188205
1147,-18.6391371132441,47.83599123312646
1148,-18.00558181276487,47.641669109882464
1149,-18.469170123373473,47.740268477246474
1150,-19.1979702653799,48.41217166817892
1151,-19.230067079375118,47.70955860838192
1152,-19.17148837707438,47.35275361685564
1153,-19.675333172093605,46.66077119237142
1154,-19.401912463604457,46.60973581189545
1155,-18.503395649184377,46.20778838411373
1156,-18.01037899523372,46.76458813356817
1157,-18.143649158903564,46.44726019407506
1158,-18.24191211316889,46.75829345236664
1159,-18.039127185379932,47.75072744193638
1160,-17.990750643136032,48.708592493120314
1161,-18.79850224499028,48.618820898099806
1162,-19.41393930647774,49.42614380742002
1163,-19.43241612946163,50.33157991432829
1164,-18.894150122892185,50.24067156527231
1165,-18.7380826371331,50.65642590851653
1166,-18.25913842994786,51.535458143672095
1167,-18.26142047912794,51.88974296777509
1168,-18.453291974995985,51.35309457342085
1169,-18.8146325288122,50.57031250633395
1170,-18.80942922073395,50.24008505653877
1171,-19.375829273963383,49.406588443035155
1172,-18.592176140329258,49.43307694334842
1173,-18.177908294273767,50.20091870415735
1174,-19.070521342280237,51.091568736737685
1175,-18.474877475420893,51.80696337923388
1176,-17.542311556073894,52.019813221563844
1177,-18.389707474390786,52.39514228578941
1178,-17.95084175375195,52.72072690558205
1179,-17.37745031067472,52.78533856369649
1180,-16.478772776038216,52.486544615537674
1181,-17.16833666577805,51.95381753307649
1182,-16.554136073023425,52.16472185752419
1183,-17.08769873372355,51.69820532445206
1184,-17.347157863118532,52.00557824881669
1185,-17.263287478428605,52.72322152726387
1186,-16.511404056426137,53.66221448609585
1187,-16.59249135803696,53.57885712980576
1188,-17.17822284376769,52.93722138296637
1189,-17.006815314307634,52.15658874671915
1190,-16.296821940776148,51.591052788838866
1191,-16.427938921459578,51.32396367844943
1192,-15.475910764637877,50.61388429594227
1193,-14.773033097342823,50.8381294844686
1194,-13.903392554493843,51.28523967462415
1195,-14.5243208010728,50.414612205623456
1196,-14.062108586940584,51.33569214326661
1197,-13.477377065106975,50.33958265891424
1198,-13.606852861704581,49.59542114083708
1199,-13.0006443561525,50.160764578984256
1200,-13.208174405032263,51.151034095906354
1201,-14.029167745532229,50.21670939134647
1202,-13.082894343534488,51.21063111674688
1203,-18.221748738014306,56.462321839484375
1204,-19.074192593969446,55.6609365930397
1205,-19.396127518214648,56.50853355258792
1206,-20.182776271280336,57.08573186235597
1207,-21.143477807190955,57.91716318314196
1208,-20.703497259199835,58.054849036068916
1209,-20.618203523104192,58.52522897135593
1210,-20.87356505647972,57.99827747257487
1211,-21.555597203845235,57.127198473412996
1212,-21.379809892530584,56.44946664816454
1213,-21.34358630959205,56.043463614852044
1214,-20.416196941206156,56.804303472339285
1215,-20.32647738885497,57.06639034795205
1216,-20.839750101005226,57.89801840342175
1217,-19.93522062428971,57.926482162037225
1218,-19.36833499228484,58.70113382367183
1219,-19.840645928039436,59.227267585863984
1220,-19.063816583036743,59.705916200253554
1221,-19.800031060828285,60.33523383400103
1222,-18.943072781932244,60.81111255573153
1223,-19.57755252871176,59.95237457148552
1224,-19.386738937374606,60.821256977944046
1225,-19.41521732344686,61.007968136899926
1226,-20.109772131749313,60.06571741657863
1227,-20.822323154635328,60.36139057483546
1228,-21.467340937758664,61.11231982233054
1229,-22.054645407661823,61.97191087802795
1230,-18.71834051204399,58.92792918576776
1231,-17.74388216849084,58.042717634629206
1232,-16.915157870872935,57.04938749798147
1233,-16.12223680656811,57.4894550694128
1234,-16.416990148852097,56.903956646603255
1235,-16.75073670655586,57.62207998296971
1236,-16.644541149604983,58.530343619901856
1237,-16.94864965509335,58.333970355379385
1238,-17.92756097808264,58.396447454219334
1239,-18.200271546181707,58.59828863567771
1240,-17.490707831270388,58.292660059769595
1241,-18.43505955639615,59.16032517806833
1242,-18.53709964383177,59.30796168421923
1243,-19.28027625070271,58.47691609431362
1244,-18.97087607069536,58.99562508214295
1245,-17.9820215161224,59.08394756823426
1246,-17.708088768952514,59.95717582244937
1247,-17.810060743193,59.138249751624585
1248,-18.07076336936901,59.93750457740463
1249,-18.367414926537077,60.04792663182452
1250,-18.082026135332598,60.944707786322574
1251,-18.24187325669326,60.48062682868163
1252,-18.28908258902208,60.89836431986351
1253,-19.2405880164184,61.22955217684643
1254,-19.842917658124122,60.57867433613828
1255,-19.436559251295062,60.822360043835126
1256,-18.989939259923457,59.95271385369831
1257,-19.63310709285341,59.249983840151685
1258,-20.62463701460882,58.679607564222984
1259,-19.982016925173543,57.73732844481151
1260,-20.313685963448577,57.197444584427664
1261,-19.645341857637156,57.6506050062634
1262,-18.86350394373617,57.30371441436461
1263,-19.128450973112503,56.48372358419501
1264,-19.6932640041141,56.91303814614771
1265,-19.141133430052157,55.96887023161992
1266,-19.371481147719905,56.19848520193262
1267,-19.342372931472283,57.06856292849622
1268,-19.846130960156604,56.35529633866123
1269,-19.603607804047112,55.52306970120423
1270,-19.04152780269152,55.501615903377
1271,-19.21934948242633,55.31071946297212
1272,-19.13177046896093,54.44134182802348
1273,-19.106538217946646,54.50744666400006
1274,-27.872163317840815,45.487017668413145
1275,-27.154557753353917,44.59144348198689
1276,-26.780169749551778,43.60088520957269
1277,-26.986746234919725,44.08207263914511
1278,-27.62623706151086,44.73925682648677
1279,-27.98590292710131,45.49107287034059
1280,-27.622672836583117,45.01980139933761
1281,-26.96656015010813,44.23917513269242
1282,-27.395611039887143,43.8595748515915
1283,-27.629868194029186,43.278247155787
1284,-27.37960264160569,43.230980877815824
1285,-26.508333974894363,43.88438469247766
1286,-25.57383177640527,42.961618753155676
1287,-24.609619473562528,43.36576631171598
1288,-24.181034238320024,42.53542548612477
1289,-24.482956798539632,43.28630715679987
1290,-24.48164251235596,42.6691837381532
1291,-23.642575851835513,42.3099967090036
1292,-13.734346527323417,51.919636666530494
1293,-13.131664513428731,51.45347346211824
1294,-12.773313136215444,51.443016006422674
1295,-12.449126719335439,51.29516543435909
1296,-11.650155374675668,52.02262647184009
1297,-10.855395819499822,51.05055159137117
1298,-10.386918943138197,50.57259347797648
1299,-10.19421636557434,50.29845608370893
1300,-10.509879520520235,49.95053877185444
1301,-10.299756872937149,50.5280403310892
1302,-10.336319117951732,50.67389460439622
1303,-3.941624911257035,45.039021034145165
1304,-3.7321078617047876,45.57593846876347
1305,-3.1177793051292593,45.71048640248412
1306,-2.6432508406267186,46.588987542848265
1307,-2.1906643578837186,46.746544312710334
1308,-2.123155903842286,47.04352601707202
1309,-2.043096948104908,47.197874280526555
1310,-1.8876977882513692,46.4204189715185
1311,-2.0109012851747803,46.71393303259909
1312,-1.3700509490229156,46.279537109565226
1313,-1.4164747569163096,46.13512816172585
1314,-1.1482940776908332,45.98910464511093
1315,-0.32320981970428686,45.72512338145527
1316,-0.7891657171114637,45.59720635138302
1317,-0.17639359813427258,45.28355206727773
1318,0.24888678122508068,44.813476491821774
1319,1.208969570481747,45.77063359865135
1320,1.446431933393474,46.3441620221466
1321,1.3575504490720678,45.48368847870377
1322,0.9175502733031918,45.18337965247785
1323,0.7766202668729731,44.928710487213706
1324,0.36231262131943753,45.40331703364625
1325,2.425183859546892,43.611905260142876
1326,2.5983387763859565,44.51324004015833
1327,3.3254572412181274,43.72607855374162
1328,3.5754032519902452,42.960237358443585
1329,2.987440663059642,42.10500038445247
1330,2.246670671329224,41.85235486900771
1331,2.2012246977460523,41.74020413569479
1332,2.365735111190368,41.45741120004488
1333,2.144200647562211,41.269608911620516
1334,1.2786200066107276,41.03640922418487
1335,1.7509549418721764,41.854891423904235
1336,1.7075642811172855,42.49517718345624
1337,0.7196148675494476,41.80856059567104
1338,0.20434716857030244,41.201030190428995
1339,0.856705653900815,41.68968680875147
1340,0.708030877101664,42.51969346769797
1341,0.0077941313359178865,43.409031696414345
1342,0.3747798987658376,43.67132182944983
1343,0.8042566923368427,43.82475838457366
1344,0.5046382190821413,43.46312235524
1345,0.9340030702921565,44.27137527930702
1346,1.188220663330335,43.29213396700427
1347,1.0829190109449112,43.275261198356674
1348,1.4900905972684164,43.157612877549035
1349,2.4886913878013277,44.08072098497736
1350,3.47287906467544,45.02362942212585
1351,4.427796079623699,44.43589079286296
1352,4.59756395144989,45.10493038033003
1353,5.417993064963942,44.67933424520599
1354,6.186302242734716,44.555167545696165
1355,5.532476665713656,45.356161647601745
1356,6.450498037451845,45.155113976792975
1357,6.64368121278961,45.799564821559244
1358,7.0504399461160245,44.83307654176596
1359,6.419194983782008,45.6041472174687
1360,6.031930111907686,45.24065612642772
1361,6.3796650252455045,44.85252803675411
1362,6.814957016921539,45.19685357776909
1363,6.659744224422608,44.97003673932232
1364,6.241346063843029,44.68922208218924
1365,5.6024524152690525,43.926242004753405
1366,5.8502966117426505,44.098947688871306
1367,6.258648441889142,43.79424712500913
1368,5.9876903874855305,44.58180971047465
1369,5.258579676182402,43.76948944251527
1370,6.078718582613912,43.154298459174775
1371,6.888817016811742,42.20216941496437
1372,6.51704848463712,42.50354315233654
1373,5.583556278971694,42.13617772651089
1374,5.153943811021446,41.49875702762752
1375,14.310936955331176,32.00184455249385
1376,14.80297813916901,32.989298418113925
1377,14.241188021977857,32.14498434322465
1378,14.547885777400865,32.391241725687536
1379,14.366419496991044,32.71833638116501
1380,13.729209130494516,33.49868355928359
1381,13.763391426843393,33.03402287371903
1382,13.045524779283143,33.7357038888803
1383,13.852416243190493,34.824782263330725
1384,13.055426628695205,34.16085569271026
1385,13.77218183721235,34.28297128757266
1386,13.566655892183691,34.22367076170261
1387,13.052200365097187,34.24064164430429
1388,10.63605886322551,32.05326356817381
1389,9.959092621932747,32.27692833200819
1390,10.653854007385918,32.372214386454324
1391,9.751714517768074,31.69602320945553
1392,9.184090404257098,31.57505001540547
1393,8.462170375653493,30.874535530239402
1394,9.36594109739877,30.315393783706703
1395,8.622532161235073,30.42124881621652
1396,8.701037902881936,30.248621150690884
1397,9.693727625416164,30.207160461515215
1398,10.417789103732808,29.53812018338342
1399,11.249053112382406,28.830089044038576
1400,11.946904724491464,28.171175118469858
1401,12.673618119429598,28.276603978515688
1402,13.123975770666311,27.77625578616749
1403,12.781434615269568,28.47981854836157
1404,13.001376283576901,27.510647427783912
1405,13.547809602264376,28.001594979402704
1406,14.175533063428452,28.091654232347643
1407,13.207035001296624,28.159578551747867
1408,14.094030287051494,27.25442781785151
1409,13.954870256271384,27.829937116140425
1410,13.442298899767588,26.94064939575543
1411,13.314059162049933,26.61028071241854
1412,13.497571936850221,27.451583053877435
1413,12.527414836889989,27.314427232191296
1414,11.812198737300886,28.073690473744094
1415,11.620008175838944,28.686050401541667
1416,12.262878078573811,28.230877203461652
1417,12.056092398266893,27.513573877121768
1418,12.747013307603186,28.206664635828787
1419,13.093021294440371,28.75157676659447
1420,12.311160824958979,29.011871384631288
1421,12.739145156474686,29.96925961157493
1422,12.965591888753057,30.41611077279323
1423,12.61019077488647,30.79356197029579
1424,11.790125006061015,31.106059709404292
1425,11.538789635681692,32.06276802414508
1426,10.756180620477647,32.174788029695065
1427,11.318437639191881,32.338252891894165
1428,10.79829878923134,32.52697081311195
1429,5.090912009779113,38.19664494323375
1430,4.8937673902669205,37.714484247748636
1431,5.451206867487614,36.92903465171775
1432,6.2071023757896295,37.923593316860945
1433,6.705862352966148,38.517926109307425
1434,5.952668404810969,39.2248897152553
1435,6.117490466661433,39.66675163880831
1436,6.016799892343809,38.91296219200619
1437,6.838995707820332,39.26290862092894
1438,6.938768657839024,39.51545641790252
1439,6.329515565199014,39.838995492286585
1440,7.10749404855381,39.35407744934685
1441,7.094006402092207,39.23279974671297
1442,6.98129465275906,38.995676239618916
1443,7.639083390512523,39.11324656894728
1444,7.496585661783167,39.90144037722128
1445,6.523471417535114,39.742541549229294
1446,6.040735216659428,39.93738545465636
1447,5.747354643014533,39.800082894658345
1448,6.01481248381807,38.83812314723341
1449,5.071715733620454,38.10607175657886
1450,4.25479718333259,38.23711182077262
1451,4.7711297871625735,37.314447016640585
1452,4.555308010631734,38.25385210188157
1453,5.156283330681905,37.8059522985491
1454,5.879000445458892,37.03544985502496
1455,5.445589071042745,36.05011305563925
1456,5.122526976178461,36.528873276781944
1457,3.8133038253579024,37.64890750401688
1458,3.358545439464505,36.85071593421711
1459,4.309206744438233,36.556779729625084
1460,4.647964673472233,35.96439157307976
1461,4.281044381659156,36.20523347418422
1462,4.972591791932383,37.04592478270514
1463,5.57543609538371,36.318695591180514
1464,4.998508626702756,36.2082479519318
1465,4.38482015001298,36.303008294925064
1466,4.741149786313768,37.164116863535824
1467,3.8583055240615316,36.417089680669136
1468,3.1697089886859997,35.5166980519179
1469,4.017392140520594,36.216910783924064
1470,4.088484468652316,36.610115083604505
1471,4.837781311528869,36.88999668681356
1472,14.849481679832916,27.156568988158632
1473,15.105804734613809,27.951652371737083
1474,14.724801561913186,28.08313662807379
1475,15.682494535450905,29.01598553677321
1476,16.433381818834633,28.478157431743604
1477,16.324577694242407,28.07502183921376
1478,17.096935148309466,29.060660676015083
1479,17.92639400575594,29.68606556861341
1480,18.87569159871683,29.96060847360757
1481,19.827914142329117,30.831729435214775
1482,20.676319661028348,31.619248384525594
1483,20.912708192793012,32.42624869694586
1484,21.62100916100165,32.37610415182072
1485,21.66804585680262,31.97867974214436
1486,22.322861765325175,31.931666209512816
1487,22.4790588391003,31.868599857227892
1488,23.11277843191411,31.728009094143058
1489,23.14539401409458,31.092560337567605
1490,22.9487496035897,31.97666677478715
1491,22.90963176136781,32.26977563996292
1492,23.14827378030008,32.43154243113575
1493,23.969083739032314,31.454925480396213
1494,24.017058925799677,31.066153195452838
1495,23.142156894930327,30.315807348834554
1496,22.868212570005337,29.801829169735548
1497,23.80541165222206,30.626512951999555
1498,23.14481748436205,29.68232445151488
1499,23.560600238150858,29.299612690907008
1500,22.8691883871158,28.68836022289365
1501,22.509666412297666,29.086875048773376
1502,22.576249087688588,29.55065299553434
1503,23.13832515692248,30.380353899779053
1504,23.02286900461166,30.673803217674692
1505,23.21112019962373,29.82351083317661
1506,23.37115651318242,29.789256006905138
1507,23.655891607129842,29.929053860861927
1508,23.92892506614555,29.83301691381505
1509,23.59503881944073,29.710635150921025
1510,22.665647218626805,30.255458030524863
1511,22.103415705413344,31.03613879030743
1512,23.06015898664721,30.068169236117615
1513,23.868520174238416,29.159873007048603
1514,24.727397690382166,28.467156050436525
1515,24.425665153791286,28.4002127436698
1516,24.2894596401867,29.086113654515533
1517,23.78024004354907,29.90539305491611
1518,23.95082477020376,29.724542425379312
1519,23.00737616381449,29.374682225867776
1520,23.523038687198074,29.183573781811234
1521,22.561574303026262,28.46183417668191
1522,22.214986620877276,27.564212240394184
1523,21.25348074507815,27.301171768624794
1524,22.217980587934342,26.408548026862384
1525,22.050620467060163,27.383440735122043
1526,22.33486165706898,27.58082362058338
1527,21.96680658243422,28.22663383592286
1528,21.744600683652994,28.068497414634255
1529,21.099294349158264,27.1044487739805
1530,21.783792401488892,27.638610091793364
1531,21.75351572930944,28.49611362534282
1532,22.21168945841109,28.047297303289373
1533,21.49977306838305,28.51198791394145
1534,22.23148002575908,28.53105930609035
1535,21.525687109045897,27.657006025822167
1536,21.040435657658957,27.31957923891354
1537,20.870250936768368,27.25476436592815
1538,19.945283696339715,27.923569423654435
1539,20.741987386976938,27.644379719279144
1540,20.375652181230148,27.877261396727445
1541,20.094791132535587,28.7518404487697
1542,20.785116628604733,29.393442510929574
1543,20.203144377774127,29.63772882502044
1544,19.235070392574638,29.880629460959003
1545,19.538301976047265,30.448203599790833
1546,20.43741330967142,29.752277778167752
1547,19.838476658285277,29.66628305697698
1548,11.586072749453654,37.653535228319996
1549,10.694131997457673,38.334397133835594
1550,10.715533939762961,37.35565258258556
1551,11.297483766187757,37.25869077294294
1552,12.188019656965752,36.51221814032831
1553,12.229481819737861,35.80885070599658
1554,13.086245233131162,35.309951003818085
1555,12.73070228716629,35.57985870143065
1556,12.483611531315747,34.84458095569888
1557,12.28132565478431,35.28905150789589
1558,12.669651125847047,35.2375666412517
1559,13.117995858007193,35.458821900720984
1560,13.688046963274894,35.22365546207612
1561,14.164008239823415,36.158941815721725
1562,13.60112723902977,36.15811057895411
1563,13.040175821942242,36.538479974076736
1564,13.626814204988396,35.776968264282985
1565,13.909934002002947,35.65938715021939
1566,13.854805885690178,35.01550305901438
1567,12.913826279076966,34.09320398216626
1568,12.516462266003288,34.95011719885386
1569,12.638218669514574,35.32047751434626
1570,10.901733158561514,36.830536374884886
1571,10.54597784080389,36.27307304398893
1572,9.907869244152444,36.32471177608016
1573,10.633885225523393,36.14724424813076
1574,9.983811969326565,36.960690688046405
1575,10.089281381170402,36.30821855967727
1576,9.817314478294092,36.871091610240185
1577,9.098544284864063,36.38484406592809
1578,8.840553413376469,35.675242845912756
1579,9.249291550952755,36.30551129665931
1580,8.590465183656578,37.00098081385856
1581,8.841115947423585,37.61600130923635
1582,9.249469827339986,38.26538969484459
1583,9.780354248575081,39.12753941211855
1584,9.97879527207121,39.371227993513656
1585,10.143521233692338,39.29422775648696
1586,9.198820955652923,39.30496599867211
1587,9.344672414808013,39.45571611353442
1588,8.379957194251332,39.48108575704449
1589,9.344267725955568,38.50645185631356
1590,10.322915924395916,39.28805981072151
1591,10.822028977579556,39.55167138098812
1592,10.316340088750653,40.38061203832495
1593,11.14563763600168,39.89761391049357
1594,10.195488260687217,39.09693671446544
1595,10.063152386763758,38.85861177297655
1596,10.367367371688045,39.05879441716726
1597,11.24370029723307,40.00395341832786
1598,19.35080769453849,48.27581907202126
1599,20.182282930629817,47.619572861976735
1600,20.255889211619248,47.66752178952761
1601,20.748689064627897,48.033742446769665
1602,20.485317418226977,48.271655810607804
1603,21.3942677707883,48.875553591158315
1604,21.603217472181484,48.12686942855855
1605,21.38186500246916,48.062406440191765
1606,21.485302290119876,48.46852622409247
1607,21.858634580969778,48.341591976410314
1608,21.75983562213221,48.39944408498095
1609,21.649565038762432,48.244420275071704
1610,20.81528095681728,48.33046614895112
1611,20.48103582505349,47.800744977838136
1612,21.1787676290542,46.803599890633805
1613,20.433921064980026,46.88408552735465
1614,20.402287504546745,47.035591562658496
1615,20.761307274512873,47.33407420763359
1616,20.976548631690804,48.16148638350927
1617,21.32477868120708,47.52564262910011
1618,20.313217156231033,46.567079151965174
1619,20.71041715332372,46.134560675909455
1620,19.884479831230816,46.81973119833719
1621,19.35979640699685,46.8860752667762
1622,19.641830341769612,46.20384905727364
1623,20.29510111082653,45.88231451014531
1624,19.428849173195434,46.770121313961134
1625,20.066087974434065,47.07379865995483
1626,20.1949583793876,46.91582364018996
1627,20.112500228239256,46.194296317587586
1628,20.57546994821447,45.52467986045279
1629,19.666037199956506,45.87375575880156
1630,25.402480131923568,39.32946357966018
1631,24.464321952545095,39.58841843068912
1632,24.027506378878165,40.525589501961264
1633,24.37135113437963,40.114494492854746
1634,23.960421556720885,39.48524514198537
1635,23.36100913243402,39.483409409602416
1636,24.216876786488275,39.996261349985126
1637,23.652713412642935,40.07794341265885
1638,22.653137508611966,39.502033636711026
1639,23.70792919449977,40.83445973404068
1640,18.70716701310655,35.8197844809164
1641,17.8885513320159,34.83944195546351
1642,18.390055683783643,35.15316391778292
1643,17.693682896487225,34.38497734935136
1644,17.339401412900994,34.553409792675986
1645,22.763197478303397,29.312678832579234
1646,23.205155573219013,28.31661322535768
1647,23.774280431544305,27.98339403339551
1648,23.233584852397463,27.278516686843435
1649,23.33709259914004,26.85777780500727
1650,16.421085672181164,33.57584887324705
1651,15.906679219502603,33.16430748287785
1652,16.0581434499755,33.129230039379316
1653,15.94674765762304,32.383748601373014
1654,15.702616022749755,32.43028266911307
1655,15.843251511589438,33.231678905439374
1656,16.214852634141767,32.568242522907
1657,15.684955347409158,32.612125181744084
1658,16.217884450442885,31.691526651784766
1659,16.0920596133035,32.05794875718076
1660,16.689037335553742,32.07429171611383
1661,15.743878322025981,33.020174854977675
1662,24.491637829433888,24.251802323540524
1663,23.605642565247077,24.406786809836174
1664,22.976766939796743,24.15427008930096
1665,22.194447837084258,24.479890633374918
1666,21.512931474487505,25.27161287186644
1667,20.699847674344312,26.171307296666516
1668,19.95580381768137,25.4177464988233
1669,19.323459896396496,26.260581780045733
1670,18.546347560883913,25.70818497049904
1671,18.33836661745016,26.469638942014743
1672,18.954381156441517,26.515973686757842
1673,18.20084127368056,26.420629047276066
1674,17.233106316961596,25.931044467089023
1675,16.702624296009137,25.175399770550857
1676,17.452957348214913,25.573800981689086
1677,17.13022286401146,26.37493262480901
1678,22.535967171058378,20.577071940006455
1679,21.833145907317476,20.19284120249132
1680,21.092069782197026,20.27334734395846
1681,21.29739132120153,19.488159373833046
1682,20.509152658311436,18.703850551515202
1683,20.217163729494164,19.479507169010297
1684,29.629329936278044,29.128527382467897
1685,28.753405470607948,29.654025058567065
1686,36.35862184549227,22.234826017708883
1687,35.96813565424081,21.598422019043046
1688,36.80968007589517,21.295281815773475
1689,36.70383558439257,20.94607407732371
1690,36.81412268384252,20.37237569890734
1691,36.60931948755607,21.157363468560277
1692,36.266589065244894,21.950171209905694
1693,36.7278855517523,22.534668895497944
1694,36.79734089527328,23.200533647617174
1695,37.124626632896444,23.444798748946937
1696,36.19294871206475,23.8848730457027
1697,36.42309020592429,22.942785968356088
1698,37.041744106249304,22.09015609977999
1699,37.16070915600888,21.773703265166006
1700,36.68070796874876,22.551126930610135
1701,37.659349967857395,22.988876943408474
1702,37.05956839714604,23.353688577422744
1703,36.978366960639384,22.75139589535132
1704,37.66847351702915,22.999926743889304
1705,36.797946192191745,23.20383422260338
1706,37.02693076256268,22.220193234583615
1707,37.29563500604584,22.131653162830126
1708,36.604712035336284,22.807496375810963
1709,36.652838788494044,22.07219371989989
1710,36.184984541987006,21.718604047190073
1711,36.40323091222902,22.46312235426633
1712,37.30177706889879,23.412540330340025
1713,36.879424205341195,23.247248531914686
1714,36.93325229856836,24.024803924041134
1715,31.58767490396342,29.989425297894623
1716,31.315914370976742,30.06056206048356
1717,30.632123721659482,30.0340810303459
1718,30.015532672787206,29.641738269086122
1719,29.754586942186943,29.546825588260464
1720,29.412880091866835,30.345812985861443
1721,29.168147744438095,29.9548923945685
1722,30.106703502264544,30.867345385037336
1723,29.341260972016016,30.119413958410387
1724,30.291591197086678,30.87617099240396
1725,30.857020880967372,30.59162244132365
1726,30.171622079779695,30.94745628804805
1727,30.38119457790261,30.864954097364425
1728,29.837193864167254,30.778580138808824
1729,28.974053108752276,30.037232947354724
1730,28.705418850849785,30.87981602161102
1731,27.758331496224617,31.31183808789695
1732,27.122509404605992,31.292118726580874
1733,28.000122153984822,31.094729216432366
1734,27.60071683600855,31.17588076706664
1735,26.96733851535551,30.501622774822707
1736,26.579893758844204,30.78211086672717
1737,25.690367255526056,31.26784157939352
1738,26.100372459369904,31.679323019803086
1739,25.603328356625834,30.92720135107292
1740,25.505910056191993,30.507182529690674
1741,24.77474917284529,29.989634241133984
1742,23.96345614475478,30.387671811023374
1743,23.896107471828188,30.915741640348998
1744,23.71872380039102,31.376477451559143
1745,24.20595780446357,31.824538631853073
1746,25.07628847827581,31.8015930138863
1747,25.83879354592763,32.42033020312192
1748,25.299583682672175,31.480457659400564
1749,24.725516125901844,31.257643834510684
1750,25.26769929818713,30.319525742243417
1751,25.397885976072924,30.480230735078138
1752,25.52967850326471,31.229254833380438
1753,25.523391510348567,31.144539955915203
1754,24.96277408044545,31.005376262319995
1755,24.603232506739367,31.06133361602271
1756,24.63926574112896,31.203760717041728
1757,24.991264050370397,31.40830937798622
1758,24.336540330431006,31.992498260471447
1759,23.86286074569857,32.88873325259304
1760,23.754266239266816,32.98338331766321
1761,23.54276277741211,33.01916434503182
1762,24.278278610207053,33.23607608681335
1763,23.594994927253573,32.27710303897068
1764,23.97857649224422,31.775311304345603
1765,24.67318904301831,31.995280620524163
1766,24.651925152719425,32.89026572596504
1767,23.999716247955558,32.50593778985735
1768,24.448063144894892,31.58475873694809
1769,25.292554162049445,31.616596964262378
1770,25.032509984221722,30.9399561515987
1771,24.453872683110436,31.913800098088014
1772,24.379766696888467,32.76791331634068
1773,24.233320207449147,33.627430321319274
1774,23.28229324042687,32.81844658600366
1775,22.970581017656023,32.04063845656192
1776,23.723565705875536,31.602737237544073
1777,24.069565056673603,32.57245620888727
1778,23.524763396649703,32.75054075926872
1779,23.144116131814748,33.110010510812714
1780,22.925805557061068,32.19366459793416
1781,21.32290672067341,34.56025951244026
1782,21.568284559094934,33.65173054370764
1783,21.900812553836996,34.52359157872367
1784,21.39078351168197,34.92099129815092
1785,20.457336158501985,35.64330509731079
1786,20.92989414920779,36.25291060206288
1787,20.801429102652847,36.57181077754287
1788,21.008719529001507,35.66954480824705
1789,21.966002134056215,36.01120394599346
1790,21.804284178000298,35.996331665440046
1791,21.75172405111564,35.662203085766734
1792,22.548093051352588,36.36746622140774
1793,21.586562850808097,35.49731429649925
1794,22.10524681961085,35.18046708746556
1795,22.885907687825398,34.460351700247955
1796,23.660233521775478,35.07888304068015
1797,23.433360072761847,35.993135138946855
1798,23.486093723908912,36.100398471454795
1799,23.777309477724366,36.31103315681423
1800,23.830739565368283,36.18829424458351
1801,24.07150872041392,35.64766600034579
1802,24.790773578660822,35.5891149830352
1803,24.740511987943684,36.24087332747941
1804,25.06914024958628,35.87597509751129
1805,25.36659533251346,36.79544123291106
1806,25.779206168102192,37.451325411593444
1807,24.91174322218135,36.994200475112656
1808,24.414538221100074,36.08028828929213
1809,23.577834059702862,36.600865178398294
1810,23.975084446660116,36.038131447482115
1811,24.195627453314533,36.253170275917
1812,24.293865967336355,35.69207402157071
1813,23.5311064382324,35.19851489429223
1814,22.55913165598778,35.921418103710465
1815,22.173344515797616,35.613710097772035
1816,22.10990242855772,35.7003499538403
1817,21.1174215913437,34.98785571873899
1818,21.09891377078558,35.21310109978043
1819,20.564512196301884,34.96215495919298
1820,21.21085650054068,34.73176977600537
1821,20.865581545292336,35.654703670560394
1822,20.58501706687657,36.212127268405474
1823,20.407942679740284,35.58593905291478
1824,20.634184756708184,35.78282357027487
1825,21.546977456970605,35.2412271599084
1826,22.230062032648295,35.77358645236967
1827,21.147192587148034,34.867977208490665
1828,20.201178772240073,34.254649520981374
1829,19.650930061621892,35.12307730040716
1830,18.952144346641436,35.74937063992619
1831,18.311027667395063,35.90190788963295
1832,17.496927918280946,35.252657950052416
1833,18.0542062811172,35.80586394535436
1834,17.09854204688408,36.09888213426393
1835,23.78901153749381,29.878625800613374
1836,24.387865369523833,30.74875290102598
1837,24.060250154531673,30.045772662358168
1838,23.282217764670428,30.4408092350599
1839,23.366382739117434,29.56739359981311
1840,23.238695288420196,29.83906217158973
1841,24.057646004619887,28.995036914156334
1842,25.021038468869502,29.1914660572681
1843,24.54068929746604,28.927129332260762
1844,23.83727991480745,29.79070454654612
1845,24.27136102539048,29.414212599171712
1846,24.375819434009923,29.05587723101095
1847,24.783169147980576,29.942425942502698
1848,25.117128675944823,29.27769122542118
1849,25.69983432027334,29.624580097910798
1850,25.123553343694542,30.338360172161664
1851,25.9818849955671,30.27522906008546
1852,26.09789416444164,30.743620868085184
1853,26.120354910118927,30.966364257217275
1854,24.83488052337523,31.73440249264906
1855,24.25882322288828,31.731295828803532
1856,23.51129918441665,31.1328165719932
1857,24.113687280920917,30.609069832283634
1858,24.015180435756132,29.806628955862447
1859,23.35693988625647,30.177770724626146
1860,23.192649374043516,30.815943205144194
1861,23.911241022369904,31.36873574084264
1862,24.059969471410607,32.16441540898357
1863,23.30966632434225,32.01189417490052
1864,24.156676216000264,32.20508046053724
1865,25.0997874322077,31.744659772970707
1866,24.4264650829027,31.933705231209835
1867,24.927482229543525,32.928464500674515
1868,24.65080502602834,32.03232900733431
1869,24.145521671161674,31.626698443195988
1870,25.097570288123617,32.28512597128167
1871,25.74286106916795,32.576841959502545
1872,25.414567739734856,32.65296050103721
1873,25.29681805224322,32.13506330207656
1874,24.309987691723922,31.356459485490063
1875,25.132687091665147,31.765717188192625
1876,24.50545696792161,30.787892850145504
1877,24.231312667698013,30.59165788583216
1878,13.568399889195089,41.42400395277665
1879,14.13708939640983,41.10348451570515
1880,14.245979828445284,40.23467350228599
1881,14.031344446885154,39.935007138454964
1882,14.587988069962018,40.82459330495936
1883,14.087340455127947,41.038588196067316
1884,13.367891338592644,41.32869705800498
1885,12.574318235950678,40.985205319946346
1886,12.386076648972024,40.81197414681223
1887,11.908704458447835,39.87197202342112
1888,12.463972901377154,38.971728522661984
1889,11.53647499814753,38.89965435729238
1890,11.222092736415826,38.05653102353132
1891,11.010648824919437,37.24886463445743
1892,10.965059339166483,37.681242064337134
1893,11.200153466772777,36.845872043421714
1894,11.36609012545734,37.080668100221914
1895,10.721422529015564,37.43643255765633
1896,11.296750367440906,37.98737292097715
1897,12.065869820258468,38.03395675558825
1898,12.07358607982865,37.84638570201808
1899,12.590533155357603,38.316460071171385
1900,12.669408714759243,38.133180044696935
1901,12.958308598095538,38.505982632066164
1902,12.55061506203344,38.09512349074984
1903,18.46122833566169,31.700163469167638
1904,18.270225637380566,31.945132496150833
1905,18.12460566144011,32.61019347884393
1906,18.739355063229723,32.5628611543546
1907,19.335577905341186,32.93782624042802
1908,18.72851350213017,33.20788707253685
1909,18.28220639786308,33.87808447750447
1910,18.63749717889717,33.92598104801623
1911,19.495603888771765,33.61959429148717
1912,19.717581864687777,34.46103664189627
1913,20.68935391154867,34.00266503574889
1914,21.358869703926935,34.4965934311121
1915,21.36495108326083,35.17989941913407
1916,20.806175416726745,35.20893898751107
1917,21.385378707398953,35.3603745023257
1918,20.724866333808766,34.49569831645376
1919,21.08104555121387,34.54182320822331
1920,22.033640594583055,34.13092675475248
1921,21.5213872543157,34.73557636324393
1922,21.491981811660818,35.2803736818357
1923,20.894172562099584,34.3725966769569
1924,21.455669209581547,35.31933777140094
1925,21.292621159940044,36.17240071975842
1926,21.32207102999625,36.46556280591862
1927,21.670318463172855,36.653990926210454
1928,14.783407383179705,30.267997451975084
1929,14.128724001112213,30.480122815965185
1930,14.201413692935175,29.700531629609465
1931,13.841624259264837,30.66389300938892
1932,14.075923188871963,30.444456135469544
1933,15.031187879347664,29.82121974799375
1934,15.572849184830774,29.32861127552095
1935,16.262276399612553,28.476143026971485
1936,16.373892822142206,29.01445263327234
1937,15.944376359368468,28.889758804177177
1938,15.250426846498776,28.575010099771028
1939,15.865123184772624,28.030202849111852
1940,15.740624782180902,28.398468369572782
1941,15.88298220643878,29.334466385883154
1942,15.33199881493001,30.054788356755516
1943,26.059046196388728,20.022622921393882
1944,26.354491449512885,19.606875353663142
1945,27.319659641143645,19.30827198347005
1946,27.7744903261419,20.165156425211297
1947,27.58201504380566,19.189545610022012
1948,27.04942894167668,18.822282412843073
1949,28.032679856672953,19.251652369767108
1950,27.89510757991625,18.6186625135785
1951,27.251391182184932,18.59751280837231
1952,27.799330629580805,18.89563447311209
1953,27.567437284788348,19.578192833117484
1954,26.712748723906795,18.746772323254216
1955,26.462593085941197,18.35539741968537
1956,25.53715747955225,18.01292268687286
1957,25.191035374710623,17.40967590609847
1958,25.326708013714782,18.03631700880651
1959,24.48642077190911,18.7500962450816
1960,24.06167803147892,19.414724233331114
1961,23.471818843788512,19.052847847102864
1962,22.908330013899658,18.501604602013874
1963,22.803374126519465,19.260106823738518
1964,22.74410989487745,20.076444111006694
1965,23.024651248316296,19.218027159815517
1966,22.79955950439989,19.603120553631378
1967,22.313517154328466,19.59632649700547
1968,22.837983795106833,20.39572421380628
1969,23.076877714126727,20.75860781881864
1970,22.85531763154338,21.395211927463873
1971,22.186574967592577,21.313465385953403
1972,23.183293952808064,21.36079269657179
1973,22.666401242953388,21.372983037705445
1974,23.539431053474946,22.033320191860803
1975,24.265845198346398,21.95384190792197
1976,24.06189513850526,21.525414981400168
1977,24.97263778328494,21.811980624914796
1978,24.31167060062411,21.362133851463298
1979,24.526766426384974,21.603444637351075
1980,23.527391892657985,21.850247428054324
1981,23.238291286648302,21.84791992954689
1982,22.43072599244942,22.779621163918826
1983,22.9639406693681,22.42836532584787
1984,23.341060790520505,22.652049845078917
1985,23.322422434468976,23.00233123959261
1986,22.32853763371725,22.98535063237508
1987,21.455302379560273,23.72725308372146
1988,20.59454261217612,23.98651386935796
1989,20.713995485781254,23.085181036924173
1990,19.915199990412763,23.91025912295776
1991,19.86408687057995,23.846629166840696
1992,19.39350461726553,23.392362551410727
1993,19.018035498411233,22.77094588210552
1994,19.831014755232733,22.45612316464637
1995,19.24605386293685,23.213637578889536
1996,19.462489612599,22.738740327605385
1997,20.046417661796884,22.97138680804782
1998,19.59699796899279,22.172846574721728
1999,19.475436725994943,22.482935241505945
